,record_time,soc,pack_voltage (V),charge_current (A),max_cell_voltage (V),min_cell_voltage (V),max_temperature (℃),min_temperature (℃),available_energy (kw),available_capacity (Ah)
0,2.01907E+13,27.2,328.2,-52.20001,3.656,3.64,41,38,12.4,37.28
1,2.01907E+13,27.6,328.5,-52.20001,3.663,3.645,41,38,12.44,37.39
2,2.01907E+13,27.6,328.6,-52.20001,3.665,3.647,41,38,12.47,37.51
3,2.01907E+13,27.6,328.6,-52.20001,3.666,3.649,41,38,12.52,37.64
4,2.01907E+13,27.6,328.8,-52.20001,3.666,3.649,41,38,12.56,37.76
5,2.01907E+13,28,328.8,-52.20001,3.669,3.65,41,38,12.59,37.87
6,2.01907E+13,28,328.9,-52.20001,3.669,3.651,41,38,12.64,37.99
7,2.01907E+13,28,328.9,-52.20001,3.669,3.651,41,38,12.67,38.11
8,2.01907E+13,28,329.1,-52.20001,3.67,3.653,41,38,12.71,38.2
9,2.01907E+13,28,329.1,-52.20001,3.671,3.652,41,38,12.75,38.34
10,2.01907E+13,28.4,329.1,-52.20001,3.672,3.653,41,39,12.79,38.46
11,2.01907E+13,28.4,329.2,-52.20001,3.672,3.654,41,39,12.83,38.57
12,2.01907E+13,28.4,329.2,-52.20001,3.672,3.654,41,39,12.87,38.69
13,2.01907E+13,28.4,329.2,-52.20001,3.672,3.654,41,39,12.9,38.81
14,2.01907E+13,28.4,329.2,-52.20001,3.672,3.655,41,39,12.95,38.94
15,2.01907E+13,28.8,329.4,-52.20001,3.674,3.656,41,39,12.99,39.05
16,2.01907E+13,28.8,329.4,-52.20001,3.674,3.656,41,39,13.03,39.17
17,2.01907E+13,28.8,329.4,-52.20001,3.674,3.656,41,39,13.07,39.29
18,2.01907E+13,28.8,329.4,-52.20001,3.675,3.656,41,39,13.11,39.4
19,2.01907E+13,29.2,329.6,-52.20001,3.675,3.657,41,39,13.14,39.52
20,2.01907E+13,29.2,329.6,-52.20001,3.675,3.658,41,39,13.18,39.63
21,2.01907E+13,29.2,329.6,-52.20001,3.676,3.658,41,39,13.22,39.76
22,2.01907E+13,29.2,329.6,-52.20001,3.676,3.659,41,39,13.26,39.87
23,2.01907E+13,29.2,329.6,-52.20001,3.676,3.659,41,39,13.3,39.99
24,2.01907E+13,29.6,329.7,-52.20001,3.677,3.659,41,39,13.34,40.1
25,2.01907E+13,29.6,329.7,-52.20001,3.677,3.66,41,39,13.38,40.24
26,2.01907E+13,29.6,329.7,-52.20001,3.677,3.659,41,39,13.42,40.35
27,2.01907E+13,29.6,329.7,-52.20001,3.678,3.66,41,39,13.46,40.47
28,2.01907E+13,30,329.7,-52.20001,3.678,3.66,41,39,13.5,40.58
29,2.01907E+13,30,329.7,-52.20001,3.679,3.661,41,39,13.54,40.7
30,2.01907E+13,30,329.9,-52.20001,3.679,3.66,41,39,13.57,40.82
31,2.01907E+13,30,329.9,-52.20001,3.679,3.662,41,39,13.62,40.95
32,2.01907E+13,30,329.9,-52.20001,3.679,3.661,41,39,13.65,41.05
33,2.01907E+13,30.4,329.9,-52.20001,3.68,3.662,41,39,13.69,41.17
34,2.01907E+13,30.4,329.9,-52.20001,3.68,3.663,41,39,13.73,41.28
35,2.01907E+13,30.4,329.9,-52.20001,3.681,3.663,41,39,13.77,41.4
36,2.01907E+13,30.4,329.9,-52.20001,3.681,3.663,41,39,13.81,41.53
37,2.01907E+13,30.4,329.9,-52.20001,3.681,3.663,41,39,13.85,41.65
38,2.01907E+13,30.8,330,-52.20001,3.682,3.664,41,39,13.89,41.76
39,2.01907E+13,30.8,330,-52.20001,3.682,3.664,41,39,13.93,41.88
40,2.01907E+13,30.8,330,-52.20001,3.682,3.664,41,39,13.97,42.01
41,2.01907E+13,30.8,330.2,-52.20001,3.682,3.664,41,39,14.01,42.13
42,2.01907E+13,31.2,330.2,-52.20001,3.683,3.664,41,39,14.05,42.24
43,2.01907E+13,31.2,330.2,-52.20001,3.683,3.665,41,39,14.08,42.34
44,2.01907E+13,31.2,330.2,-52.20001,3.684,3.665,41,39,14.13,42.46
45,2.01907E+13,31.2,330.3,-52.20001,3.684,3.665,41,39,14.16,42.58
46,2.01907E+13,31.2,330.2,-52.20001,3.684,3.666,41,39,14.2,42.7
47,2.01907E+13,31.6,330.3,-52.20001,3.684,3.666,41,39,14.24,42.81
48,2.01907E+13,31.6,330.3,-52.20001,3.685,3.666,41,39,14.28,42.95
49,2.01907E+13,31.6,330.2,-52.20001,3.685,3.667,41,39,14.32,43.06
50,2.01907E+13,31.6,330.3,-52.20001,3.684,3.667,41,39,14.36,43.18
51,2.01907E+13,32,330.5,-52.20001,3.686,3.667,41,39,14.4,43.29
52,2.01907E+13,32,330.3,-52.20001,3.686,3.667,41,39,14.43,43.41
53,2.01907E+13,32,330.3,-52.20001,3.686,3.668,41,39,14.49,43.54
54,2.01907E+13,32,330.5,-52.20001,3.687,3.668,41,39,14.52,43.66
55,2.01907E+13,32,330.5,-52.20001,3.686,3.668,41,39,14.56,43.77
56,2.01907E+13,32.4,330.5,-52.20001,3.687,3.668,41,39,14.59,43.87
57,2.01907E+13,32.4,330.5,-52.20001,3.687,3.669,41,39,14.63,43.99
58,2.01907E+13,32.4,330.5,-52.20001,3.688,3.669,41,39,14.67,44.1
59,2.01907E+13,32.4,330.7,-52.20001,3.688,3.669,41,39,14.72,44.24
60,2.01907E+13,32.4,330.5,-52.20001,3.689,3.67,41,39,14.75,44.36
61,2.01907E+13,32.8,330.7,-52.20001,3.688,3.671,41,39,14.79,44.47
62,2.01907E+13,32.8,330.7,-52.20001,3.689,3.671,41,39,14.84,44.61
63,2.01907E+13,32.8,330.7,-52.20001,3.69,3.671,41,39,14.87,44.72
64,2.01907E+13,32.8,330.7,-52.20001,3.689,3.672,41,39,14.92,44.84
65,2.01907E+13,33.2,330.7,-52.20001,3.69,3.671,41,39,14.95,44.95
66,2.01907E+13,33.2,330.8,-52.20001,3.69,3.672,41,39,14.99,45.08
67,2.01907E+13,33.2,330.8,-52.20001,3.69,3.672,41,39,15.03,45.19
68,2.01907E+13,33.2,330.8,-52.20001,3.69,3.672,41,39,15.06,45.29
69,2.01907E+13,33.2,331,-52.20001,3.69,3.672,41,39,15.1,45.41
70,2.01907E+13,33.6,330.8,-52.20001,3.691,3.673,41,39,15.15,45.54
71,2.01907E+13,33.6,331,-52.20001,3.691,3.672,41,39,15.19,45.67
72,2.01907E+13,33.6,331,-52.20001,3.692,3.673,41,39,15.23,45.79
73,2.01907E+13,33.6,331,-52.20001,3.691,3.674,41,39,15.27,45.9
74,2.01907E+13,34,331,-52.20001,3.693,3.674,41,39,15.3,46.02
75,2.01907E+13,34,331,-52.20001,3.693,3.674,41,39,15.35,46.14
76,2.01907E+13,34,331,-52.20001,3.693,3.675,41,39,15.38,46.25
77,2.01907E+13,34,331,-52.20001,3.693,3.675,41,39,15.42,46.37
78,2.01907E+13,34,331.1,-52.20001,3.694,3.675,41,39,15.46,46.48
79,2.01907E+13,34.4,331.1,-52.20001,3.694,3.675,41,39,15.5,46.6
80,2.01907E+13,34.4,331.1,-52.20001,3.694,3.676,41,39,15.53,46.7
81,2.01907E+13,34.4,331.1,-52.20001,3.694,3.676,41,39,15.58,46.84
82,2.01907E+13,34.4,331.3,-52.20001,3.695,3.676,41,39,15.61,46.95
83,2.01907E+13,34.4,331.3,-52.20001,3.695,3.677,41,39,15.66,47.07
84,2.01907E+13,34.8,331.3,-52.20001,3.696,3.677,41,39,15.7,47.2
85,2.01907E+13,34.8,331.3,-52.20001,3.695,3.677,41,39,15.74,47.32
86,2.01907E+13,34.8,331.3,-52.20001,3.697,3.677,41,39,15.78,47.43
87,2.01907E+13,34.8,331.4,-52.20001,3.696,3.678,41,39,15.81,47.55
88,2.01907E+13,35.2,331.4,-52.20001,3.697,3.678,41,39,15.85,47.66
89,2.01907E+13,35.2,331.4,-52.20001,3.697,3.678,41,39,15.89,47.78
90,2.01907E+13,35.2,331.4,-52.20001,3.698,3.678,41,39,15.93,47.9
91,2.01907E+13,35.2,331.4,-52.20001,3.697,3.679,41,39,15.97,48.01
92,2.01907E+13,35.2,331.4,-52.20001,3.698,3.679,41,39,16.01,48.13
93,2.01907E+13,35.6,331.6,-52.20001,3.698,3.679,41,39,16.05,48.27
94,2.01907E+13,35.6,331.4,-52.20001,3.699,3.68,41,39,16.09,48.38
95,2.01907E+13,35.6,331.6,-52.20001,3.699,3.68,41,39,16.13,48.5
96,2.01907E+13,35.6,331.7,-52.20001,3.699,3.68,41,39,16.17,48.61
97,2.01907E+13,35.6,331.6,-52.20001,3.7,3.681,41,39,16.21,48.73
98,2.01907E+13,36,331.7,-52.20001,3.7,3.681,41,39,16.25,48.84
99,2.01907E+13,36,331.6,-52.20001,3.7,3.681,41,39,16.28,48.96
100,2.01907E+13,36,331.7,-52.20001,3.701,3.681,41,39,16.33,49.08
101,2.01907E+13,36,331.7,-52.20001,3.701,3.682,41,39,16.37,49.21
102,2.01907E+13,36.4,331.7,-52.20001,3.702,3.682,41,39,16.4,49.33
103,2.01907E+13,36.4,331.9,-52.20001,3.701,3.682,41,39,16.44,49.42
104,2.01907E+13,36.4,331.9,-52.20001,3.702,3.683,41,39,16.48,49.56
105,2.01907E+13,36.4,331.9,-52.20001,3.701,3.683,41,39,16.52,49.68
106,2.01907E+13,36.4,331.9,-52.20001,3.702,3.684,41,39,16.56,49.79
107,2.01907E+13,36.8,331.9,-52.20001,3.703,3.684,41,39,16.6,49.91
108,2.01907E+13,36.8,331.9,-52.20001,3.703,3.684,42,39,16.64,50.03
109,2.01907E+13,36.8,331.9,-52.20001,3.703,3.684,42,39,16.68,50.14
110,2.01907E+13,36.8,332.1,-52.20001,3.704,3.685,42,39,16.72,50.27
111,2.01907E+13,37.2,332.1,-52.20001,3.704,3.685,42,39,16.76,50.39
112,2.01907E+13,37.2,332.1,-52.20001,3.704,3.686,42,39,16.8,50.51
113,2.01907E+13,37.2,332.1,-52.20001,3.705,3.685,42,39,16.84,50.62
114,2.01907E+13,37.2,332.1,-52.20001,3.705,3.686,42,39,16.87,50.72
115,2.01907E+13,37.2,332.2,-52.20001,3.705,3.686,42,39,16.91,50.85
116,2.01907E+13,37.6,332.2,-52.20001,3.705,3.687,42,39,16.95,50.97
117,2.01907E+13,37.6,332.2,-52.20001,3.706,3.686,42,39,16.99,51.09
118,2.01907E+13,37.6,332.2,-52.20001,3.707,3.687,42,39,17.04,51.22
119,2.01907E+13,37.6,332.2,-52.20001,3.707,3.688,42,39,17.07,51.34
120,2.01907E+13,37.6,332.4,-52.20001,3.708,3.688,42,39,17.12,51.46
121,2.01907E+13,38,332.4,-52.20001,3.707,3.689,42,39,17.15,51.57
122,2.01907E+13,38,332.4,-52.20001,3.708,3.689,42,39,17.19,51.69
123,2.01907E+13,38,332.4,-52.20001,3.708,3.689,42,39,17.23,51.8
124,2.01907E+13,38,332.4,-52.20001,3.708,3.69,42,39,17.27,51.92
125,2.01907E+13,38.4,332.4,-52.20001,3.708,3.689,42,39,17.31,52.03
126,2.01907E+13,38.4,332.5,-52.20001,3.71,3.69,42,39,17.35,52.17
127,2.01907E+13,38.4,332.5,-52.20001,3.71,3.69,42,39,17.39,52.28
128,2.01907E+13,38.4,332.5,-52.20001,3.71,3.69,42,39,17.43,52.4
129,2.01907E+13,38.4,332.5,-52.20001,3.71,3.691,42,39,17.47,52.52
130,2.01907E+13,38.8,332.5,-52.20001,3.711,3.691,42,39,17.5,52.64
131,2.01907E+13,38.8,332.7,-52.20001,3.711,3.692,42,39,17.55,52.75
132,2.01907E+13,38.8,332.7,-52.20001,3.711,3.692,42,39,17.58,52.87
133,2.01907E+13,38.8,332.7,-52.20001,3.711,3.692,42,39,17.62,52.98
134,2.01907E+13,39.2,332.7,-52.20001,3.712,3.693,42,39,17.66,53.1
135,2.01907E+13,39.2,332.7,-52.20001,3.713,3.693,42,39,17.71,53.23
136,2.01907E+13,39.2,332.8,-52.20001,3.712,3.693,42,39,17.74,53.35
137,2.01907E+13,39.2,332.8,-52.20001,3.713,3.693,42,39,17.78,53.46
138,2.01907E+13,39.2,332.8,-52.20001,3.713,3.694,42,39,17.83,53.6
139,2.01907E+13,39.6,332.8,-52.20001,3.713,3.694,42,39,17.86,53.7
140,2.01907E+13,39.6,332.8,-52.20001,3.714,3.694,42,39,17.9,53.82
141,2.01907E+13,39.6,332.8,-52.20001,3.714,3.695,42,39,17.94,53.93
142,2.01907E+13,39.6,333,-52.20001,3.715,3.696,42,40,17.98,54.05
143,2.01907E+13,39.6,333,-52.20001,3.715,3.696,42,39,18.02,54.18
144,2.01907E+13,40,333,-52.20001,3.715,3.697,42,39,18.06,54.3
145,2.01907E+13,40,333,-52.20001,3.715,3.697,42,40,18.1,54.41
146,2.01907E+13,40,333.2,-52.20001,3.716,3.697,42,40,18.14,54.53
147,2.01907E+13,40,333.2,-52.20001,3.717,3.697,42,40,18.17,54.65
148,2.01907E+13,40.4,333.2,-52.20001,3.718,3.698,42,40,18.22,54.78
149,2.01907E+13,40.4,333.2,-52.20001,3.717,3.698,42,40,18.26,54.89
150,2.01907E+13,40.4,333.2,-52.20001,3.718,3.698,42,40,18.29,55.01
151,2.01907E+13,40.4,333.3,-52.20001,3.719,3.699,42,40,18.34,55.13
152,2.01907E+13,40.4,333.3,-52.20001,3.719,3.699,42,40,18.37,55.25
153,2.01907E+13,40.8,333.3,-52.20001,3.719,3.7,42,40,18.41,55.36
154,2.01907E+13,40.8,333.3,-52.20001,3.72,3.7,42,40,18.45,55.48
155,2.01907E+13,40.8,333.5,-52.20001,3.72,3.7,42,40,18.49,55.59
156,2.01907E+13,40.8,333.5,-52.20001,3.721,3.701,42,40,18.53,55.71
157,2.01907E+13,41.2,333.5,-52.20001,3.721,3.701,42,40,18.57,55.84
158,2.01907E+13,41.2,333.6,-52.20001,3.721,3.701,42,40,18.61,55.96
159,2.01907E+13,41.2,333.6,-52.20001,3.722,3.701,42,40,18.65,56.07
160,2.01907E+13,41.2,333.6,-52.20001,3.722,3.703,42,40,18.7,56.21
161,2.01907E+13,41.2,333.6,-52.20001,3.722,3.703,42,40,18.73,56.32
162,2.01907E+13,41.6,333.6,-52.20001,3.722,3.703,42,40,18.77,56.44
163,2.01907E+13,41.6,333.6,-52.20001,3.722,3.704,42,40,18.8,56.54
164,2.01907E+13,41.6,333.8,-52.20001,3.724,3.704,42,40,18.84,56.65
165,2.01907E+13,41.6,333.8,-52.20001,3.724,3.705,42,40,18.89,56.79
166,2.01907E+13,42,333.8,-52.20001,3.724,3.705,42,40,18.93,56.91
167,2.01907E+13,42,333.8,-52.20001,3.725,3.706,42,40,18.96,57.02
168,2.01907E+13,42,333.8,-52.20001,3.726,3.705,42,40,19.01,57.14
169,2.01907E+13,42,333.9,-52.20001,3.726,3.706,42,40,19.04,57.26
170,2.01907E+13,42,333.9,-52.20001,3.726,3.706,42,40,19.09,57.37
171,2.01907E+13,42.4,333.9,-52.20001,3.726,3.707,42,40,19.13,57.5
172,2.01907E+13,42.4,334.1,-52.20001,3.727,3.707,42,40,19.17,57.64
173,2.01907E+13,42.4,334.1,-52.20001,3.727,3.708,42,40,19.21,57.75
174,2.01907E+13,42.4,334.1,-52.20001,3.727,3.708,42,40,19.25,57.87
175,2.01907E+13,42.4,334.1,-52.20001,3.728,3.708,42,40,19.28,57.97
176,2.01907E+13,42.8,334.2,-52.20001,3.729,3.708,42,40,19.32,58.08
177,2.01907E+13,42.8,334.2,-52.20001,3.729,3.71,42,40,19.37,58.22
178,2.01907E+13,42.8,334.2,-52.20001,3.729,3.71,42,40,19.4,58.34
179,2.01907E+13,42.8,334.2,-52.20001,3.73,3.71,42,40,19.44,58.45
180,2.01907E+13,43.2,334.4,-52.20001,3.729,3.71,42,40,19.48,58.57
181,2.01907E+13,43.2,334.4,-52.20001,3.731,3.711,42,40,19.52,58.68
182,2.01907E+13,43.2,334.4,-52.20001,3.731,3.712,42,40,19.57,58.82
183,2.01907E+13,43.2,334.4,-52.20001,3.731,3.712,42,40,19.6,58.93
184,2.01907E+13,43.2,334.6,-52.20001,3.733,3.712,42,40,19.65,59.07
185,2.01907E+13,43.6,334.6,-52.20001,3.733,3.713,42,40,19.68,59.18
186,2.01907E+13,43.6,334.6,-52.20001,3.734,3.713,42,40,19.72,59.3
187,2.01907E+13,43.6,334.6,-52.20001,3.733,3.714,42,40,19.75,59.4
188,2.01907E+13,43.6,334.7,-52.20001,3.734,3.714,42,40,19.8,59.51
189,2.01907E+13,44,334.7,-52.20001,3.734,3.714,42,40,19.84,59.65
190,2.01907E+13,44,334.7,-52.20001,3.735,3.715,42,40,19.88,59.77
191,2.01907E+13,44,334.7,-52.20001,3.736,3.715,42,40,19.92,59.88
192,2.01907E+13,44,334.9,-52.20001,3.736,3.716,42,40,19.95,60
193,2.01907E+13,44,334.9,-52.20001,3.737,3.716,42,40,20,60.11
194,2.01907E+13,44.4,334.9,-52.20001,3.737,3.716,42,40,20.04,60.25
195,2.01907E+13,44.4,334.9,-52.20001,3.737,3.717,42,40,20.08,60.38
196,2.01907E+13,44.4,335,-52.20001,3.737,3.718,42,40,20.12,60.5
197,2.01907E+13,44.4,335,-52.10001,3.737,3.718,42,40,20.16,60.61
198,2.01907E+13,44.8,335,-52.20001,3.738,3.719,42,40,20.2,60.73
199,2.01907E+13,44.8,335.2,-52.20001,3.739,3.719,42,40,20.24,60.84
200,2.01907E+13,44.8,335.2,-52.20001,3.74,3.72,42,40,20.28,60.96
201,2.01907E+13,44.8,335.2,-52.20001,3.74,3.72,42,40,20.31,61.07
202,2.01907E+13,44.8,335.3,-52.20001,3.741,3.72,42,40,20.36,61.2
203,2.01907E+13,45.2,335.3,-52.20001,3.741,3.721,42,40,20.4,61.33
204,2.01907E+13,45.2,335.3,-52.20001,3.742,3.721,42,40,20.44,61.44
205,2.01907E+13,45.2,335.3,-52.20001,3.742,3.722,42,40,20.48,61.58
206,2.01907E+13,45.2,335.5,-52.20001,3.743,3.722,42,40,20.52,61.69
207,2.01907E+13,45.6,335.5,-52.20001,3.744,3.723,42,40,20.56,61.81
208,2.01907E+13,45.6,335.5,-52.20001,3.743,3.723,42,40,20.6,61.94
209,2.01907E+13,45.6,335.5,-52.20001,3.744,3.724,43,40,20.64,62.06
210,2.01907E+13,45.6,335.7,-52.20001,3.745,3.724,43,40,20.68,62.17
211,2.01907E+13,45.6,335.7,-52.20001,3.746,3.725,43,40,20.72,62.29
212,2.01907E+13,46,335.7,-52.20001,3.745,3.726,43,40,20.76,62.4
213,2.01907E+13,46,335.8,-52.20001,3.746,3.726,43,40,20.8,62.53
214,2.01907E+13,46,335.8,-52.20001,3.746,3.726,43,40,20.83,62.64
215,2.01907E+13,46,335.8,-52.20001,3.748,3.727,43,40,20.88,62.77
216,2.01907E+13,46,335.8,-52.20001,3.747,3.727,43,40,20.93,62.91
217,2.01907E+13,46.4,336,-52.20001,3.748,3.728,43,40,20.96,63.02
218,2.01907E+13,46.4,336,-52.20001,3.749,3.729,43,40,21,63.14
219,2.01907E+13,46.4,336,-52.20001,3.75,3.729,43,40,21.05,63.27
220,2.01907E+13,46.4,336.1,-52.20001,3.75,3.729,43,40,21.08,63.39
221,2.01907E+13,46.8,336.1,-52.20001,3.75,3.73,43,40,21.12,63.5
222,2.01907E+13,46.8,336.1,-52.20001,3.751,3.729,43,40,21.16,63.62
223,2.01907E+13,46.8,336.3,-52.20001,3.751,3.73,43,40,21.2,63.73
224,2.01907E+13,46.8,336.3,-52.20001,3.752,3.732,43,40,21.24,63.86
225,2.01907E+13,47.2,336.3,-52.20001,3.753,3.732,43,40,21.28,63.99
226,2.01907E+13,47.2,336.4,-52.20001,3.754,3.733,43,40,21.32,64.1
227,2.01907E+13,47.2,336.4,-52.20001,3.754,3.733,43,40,21.36,64.22
228,2.01907E+13,47.2,336.4,-52.20001,3.754,3.733,43,40,21.41,64.37
229,2.01907E+13,47.2,336.6,-52.20001,3.756,3.735,43,40,21.45,64.49
230,2.01907E+13,47.6,336.6,-52.20001,3.757,3.735,43,40,21.49,64.6
231,2.01907E+13,47.6,336.6,-52.20001,3.756,3.735,43,40,21.53,64.73
232,2.01907E+13,47.6,336.8,-52.20001,3.758,3.737,43,40,21.57,64.85
233,2.01907E+13,47.6,336.8,-52.20001,3.758,3.737,43,40,21.61,64.97
234,2.01907E+13,48,336.9,-52.20001,3.759,3.737,43,40,21.65,65.1
235,2.01907E+13,48,336.8,-52.20001,3.759,3.737,43,40,21.69,65.2
236,2.01907E+13,48,336.9,-52.20001,3.76,3.738,43,40,21.73,65.33
237,2.01907E+13,48,337.1,-52.20001,3.76,3.739,43,40,21.77,65.45
238,2.01907E+13,48,337.1,-52.10001,3.761,3.74,43,40,21.82,65.6
239,2.01907E+13,48.4,337.1,-52.20001,3.762,3.74,43,40,21.86,65.72
240,2.01907E+13,48.4,337.2,-52.10001,3.762,3.741,43,40,21.9,65.83
241,2.01907E+13,48.4,337.2,-52.20001,3.763,3.741,43,40,21.94,65.96
242,2.01907E+13,48.4,337.2,-52.20001,3.763,3.743,43,40,21.98,66.08
243,2.01907E+13,48.8,337.4,-52.10001,3.765,3.743,43,41,22.02,66.21
244,2.01907E+13,48.8,337.4,-52.20001,3.767,3.743,43,40,22.06,66.33
245,2.01907E+13,48.8,337.4,-52.20001,3.766,3.744,43,40,22.1,66.47
246,2.01907E+13,48.8,337.5,-52.20001,3.768,3.744,43,41,22.14,66.57
247,2.01907E+13,48.8,337.5,-52.20001,3.768,3.746,43,41,22.18,66.68
248,2.01907E+13,49.2,337.7,-52.20001,3.769,3.746,43,40,22.23,66.81
249,2.01907E+13,49.2,337.7,-52.20001,3.77,3.747,43,41,22.26,66.93
250,2.01907E+13,49.2,337.8,-52.20001,3.77,3.748,43,41,22.31,67.08
251,2.01907E+13,49.2,337.8,-52.20001,3.771,3.748,43,41,22.35,67.18999
252,2.01907E+13,49.6,338,-52.20001,3.772,3.749,43,41,22.39,67.33
253,2.01907E+13,49.6,338,-52.20001,3.773,3.75,43,41,22.43,67.43999
254,2.01907E+13,49.6,338,-52.20001,3.774,3.75,43,41,22.48,67.58
255,2.01907E+13,49.6,338.2,-52.20001,3.774,3.751,43,41,22.51,67.68999
256,2.01907E+13,50,338.2,-52.20001,3.776,3.751,43,41,22.56,67.82
257,2.01907E+13,50,338.3,-52.10001,3.776,3.753,43,41,22.6,67.95
258,2.01907E+13,50,338.3,-52.20001,3.777,3.753,43,41,22.64,68.06
259,2.01907E+13,50,338.5,-52.20001,3.778,3.754,43,41,22.68,68.18
260,2.01907E+13,50,338.6,-52.10001,3.779,3.755,43,41,22.71,68.29
261,2.01907E+13,50.4,338.6,-52.20001,3.78,3.755,43,41,22.77,68.43999
262,2.01907E+13,50.4,338.6,-52.10001,3.78,3.756,43,41,22.8,68.56
263,2.01907E+13,50.4,338.8,-52.20001,3.782,3.757,43,41,22.84,68.68999
264,2.01907E+13,50.4,338.8,-52.10001,3.782,3.758,43,41,22.89,68.81
265,2.01907E+13,50.8,338.9,-52.20001,3.783,3.759,43,41,22.93,68.93999
266,2.01907E+13,50.8,338.9,-52.20001,3.784,3.76,43,41,22.97,69.05
267,2.01907E+13,50.8,339.1,-52.10001,3.785,3.761,43,41,23.02,69.18999
268,2.01907E+13,50.8,339.1,-52.20001,3.786,3.761,43,41,23.05,69.3
269,2.01907E+13,50.8,339.3,-52.20001,3.786,3.762,43,41,23.09,69.4
270,2.01907E+13,51.2,339.3,-52.10001,3.787,3.764,43,41,23.13,69.54
271,2.01907E+13,51.2,339.4,-52.20001,3.788,3.763,43,41,23.17,69.66
272,2.01907E+13,51.2,339.4,-52.20001,3.789,3.765,43,41,23.22,69.81
273,2.01907E+13,51.2,339.6,-52.20001,3.79,3.766,43,41,23.25,69.92
274,2.01907E+13,51.6,339.6,-52.10001,3.79,3.766,43,41,23.3,70.05
275,2.01907E+13,51.6,339.7,-52.20001,3.792,3.767,43,41,23.34,70.17
276,2.01907E+13,51.6,339.7,-52.10001,3.793,3.768,43,41,23.38,70.29
277,2.01907E+13,51.6,339.9,-52.20001,3.793,3.769,43,41,23.42,70.42
278,2.01907E+13,52,339.9,-52.20001,3.794,3.77,43,41,23.46,70.53
279,2.01907E+13,52,340,-52.20001,3.795,3.77,43,41,23.51,70.67
280,2.01907E+13,52,340,-52.10001,3.796,3.772,43,41,23.54,70.78
281,2.01907E+13,52,340,-52.20001,3.797,3.773,43,41,23.58,70.9
282,2.01907E+13,52,340.2,-52.10001,3.797,3.773,43,41,23.62,71.01
283,2.01907E+13,52.4,340.3,-52.20001,3.797,3.775,43,41,23.66,71.14
284,2.01907E+13,52.4,340.3,-52.10001,3.798,3.775,43,41,23.71,71.28
285,2.01907E+13,52.4,340.5,-52.20001,3.799,3.776,43,41,23.75,71.4
286,2.01907E+13,52.4,340.5,-52.10001,3.8,3.777,43,41,23.79,71.53
287,2.01907E+13,52.8,340.5,-52.10001,3.8,3.777,43,41,23.83,71.65
288,2.01907E+13,52.8,340.7,-52.20001,3.801,3.779,43,41,23.88,71.78
289,2.01907E+13,52.8,340.7,-52.10001,3.802,3.78,43,41,23.92,71.91
290,2.01907E+13,52.8,340.8,-52.10001,3.803,3.781,43,41,23.96,72.03
291,2.01907E+13,52.8,340.8,-52.20001,3.803,3.781,43,41,23.98,72.1
292,2.01907E+13,53.2,341,-52.20001,3.804,3.782,43,41,24.02,72.22
293,2.01907E+13,53.2,341,-52.10001,3.805,3.783,43,41,24.06,72.33
294,2.01907E+13,53.2,341,-52.20001,3.805,3.783,43,41,24.09,72.45
295,2.01907E+13,53.2,341,-52.10001,3.806,3.784,43,41,24.14,72.58
296,2.01907E+13,53.6,341.1,-52.10001,3.806,3.785,43,41,24.19,72.71
297,2.01907E+13,53.6,341.3,-52.20001,3.808,3.786,43,41,24.22,72.83
298,2.01907E+13,53.6,341.3,-52.20001,3.807,3.786,43,41,24.26,72.95
299,2.01907E+13,53.6,341.3,-52.20001,3.808,3.787,43,41,24.31,73.08
300,2.01907E+13,53.6,341.4,-52.10001,3.809,3.788,43,41,24.35,73.18999
301,2.01907E+13,54,341.4,-52.20001,3.81,3.789,43,41,24.39,73.33
302,2.01907E+13,54,341.4,-52.10001,3.811,3.789,43,41,24.43,73.43999
303,2.01907E+13,54,341.6,-52.10001,3.812,3.79,43,41,24.47,73.56
304,2.01907E+13,54,341.6,-52.10001,3.812,3.79,43,41,24.5,73.67
305,2.01907E+13,54.4,341.8,-52.10001,3.813,3.791,43,41,24.55,73.8
306,2.01907E+13,54.4,341.8,-52.10001,3.814,3.791,43,41,24.58,73.91
307,2.01907E+13,54.4,341.8,-52.10001,3.815,3.792,43,41,24.63,74.04
308,2.01907E+13,54.4,341.9,-52.20001,3.816,3.793,43,41,24.67,74.18
309,2.01907E+13,54.4,341.9,-52.20001,3.815,3.794,43,41,24.71,74.29
310,2.01907E+13,54.8,342.1,-52.10001,3.817,3.795,43,41,24.75,74.41
311,2.01907E+13,54.8,342.1,-52.20001,3.818,3.795,43,41,24.78,74.52
312,2.01907E+13,54.8,342.1,-52.10001,3.818,3.797,43,41,24.84,74.66
313,2.01907E+13,54.8,342.2,-52.20001,3.819,3.797,43,41,24.87,74.77
314,2.01907E+13,55.2,342.2,-52.10001,3.819,3.798,43,41,24.91,74.89
315,2.01907E+13,55.2,342.4,-52.20001,3.82,3.798,43,41,24.96,75.03
316,2.01907E+13,55.2,342.4,-52.20001,3.82,3.799,43,41,24.99,75.13
317,2.01907E+13,55.2,342.4,-52.20001,3.821,3.799,43,41,25.03,75.24
318,2.01907E+13,55.2,342.5,-52.20001,3.822,3.8,43,41,25.07,75.37
319,2.01907E+13,55.6,342.5,-52.20001,3.823,3.801,43,41,25.11,75.49
320,2.01907E+13,55.6,342.7,-52.20001,3.824,3.802,43,41,25.15,75.62
321,2.01907E+13,55.6,342.7,-52.20001,3.825,3.802,43,41,25.19,75.74
322,2.01907E+13,55.6,342.7,-52.20001,3.825,3.804,43,41,25.23,75.85
323,2.01907E+13,56,342.8,-52.10001,3.825,3.804,43,41,25.27,75.97
324,2.01907E+13,56,343,-52.10001,3.826,3.804,43,41,25.31,76.09
325,2.01907E+13,56,342.8,-52.10001,3.827,3.806,43,41,25.35,76.22
326,2.01907E+13,56,343,-52.20001,3.827,3.806,43,41,25.39,76.33
327,2.01907E+13,56,343,-52.20001,3.829,3.807,43,41,25.43,76.46
328,2.01907E+13,56.4,343.2,-52.20001,3.829,3.808,43,41,25.46,76.55
329,2.01907E+13,56.4,343.2,-52.10001,3.831,3.808,43,41,25.5,76.68999
330,2.01907E+13,56.4,343.3,-52.20001,3.83,3.809,43,41,25.55,76.8
331,2.01907E+13,56.4,343.3,-52.10001,3.831,3.81,43,41,25.59,76.93999
332,2.01907E+13,56.4,343.5,-52.10001,3.832,3.811,43,41,25.63,77.05
333,2.01907E+13,56.8,343.5,-52.10001,3.832,3.811,43,41,25.67,77.17
334,2.01907E+13,56.8,343.5,-52.20001,3.834,3.812,43,41,25.7,77.28
335,2.01907E+13,56.8,343.6,-52.20001,3.834,3.812,43,41,25.75,77.4
336,2.01907E+13,56.8,343.6,-52.10001,3.835,3.813,44,41,25.78,77.52
337,2.01907E+13,57.2,343.6,-52.20001,3.835,3.814,44,41,25.82,77.63
338,2.01907E+13,57.2,343.8,-52.10001,3.837,3.815,44,41,25.86,77.75
339,2.01907E+13,57.2,343.9,-52.10001,3.837,3.815,43,41,25.91,77.88
340,2.01907E+13,57.2,343.9,-52.10001,3.838,3.816,44,41,25.94,78
341,2.01907E+13,57.2,343.9,-52.20001,3.838,3.817,44,41,25.99,78.12
342,2.01907E+13,57.6,344.1,-52.10001,3.84,3.817,44,41,26.02,78.23
343,2.01907E+13,57.6,344.1,-52.10001,3.84,3.819,44,41,26.06,78.35
344,2.01907E+13,57.6,344.1,-52.10001,3.841,3.82,44,41,26.1,78.46
345,2.01907E+13,57.6,344.3,-52.10001,3.842,3.82,44,41,26.14,78.58
346,2.01907E+13,58,344.4,-52.10001,3.842,3.82,44,41,26.18,78.7
347,2.01907E+13,58,344.4,-52.20001,3.843,3.821,44,41,26.22,78.81
348,2.01907E+13,58,344.4,-52.20001,3.844,3.822,44,41,26.25,78.93
349,2.01907E+13,58,344.6,-52.10001,3.845,3.823,44,41,26.29,79.04
350,2.01907E+13,58,344.6,-52.10001,3.846,3.824,44,41,26.33,79.16
351,2.01907E+13,58.4,344.7,-52.10001,3.846,3.824,44,41,26.37,79.29
352,2.01907E+13,58.4,344.7,-52.10001,3.846,3.825,44,41,26.42,79.41
353,2.01907E+13,58.4,344.9,-52.20001,3.848,3.826,44,41,26.45,79.52
354,2.01907E+13,58.4,344.9,-52.10001,3.849,3.827,44,41,26.49,79.65
355,2.01907E+13,58.4,344.9,-52.10001,3.85,3.828,44,41,26.53,79.75999
356,2.01907E+13,58.8,345,-52.10001,3.85,3.828,44,41,26.57,79.88
357,2.01907E+13,58.8,345,-52.10001,3.851,3.829,44,41,26.61,79.99
358,2.01907E+13,58.8,345,-52.10001,3.852,3.83,44,41,26.65,80.11
359,2.01907E+13,58.8,345.2,-52.20001,3.852,3.831,44,41,26.68,80.22
360,2.01907E+13,59.2,345.3,-52.10001,3.854,3.831,44,41,26.73,80.34
361,2.01907E+13,59.2,345.3,-52.10001,3.855,3.832,44,41,26.76,80.46
362,2.01907E+13,59.2,345.3,-52.10001,3.854,3.834,44,41,26.8,80.57
363,2.01907E+13,59.2,345.5,-52.10001,3.856,3.833,44,41,26.85,80.71
364,2.01907E+13,59.2,345.7,-52.10001,3.857,3.835,44,41,26.88,80.8
365,2.01907E+13,59.6,345.7,-52.10001,3.857,3.835,44,41,26.92,80.93
366,2.01907E+13,59.6,345.7,-52.10001,3.858,3.836,44,41,26.96,81.04
367,2.01907E+13,59.6,345.8,-52.10001,3.859,3.836,44,41,26.99,81.16
368,2.01907E+13,59.6,346,-52.20001,3.86,3.838,44,41,27.03,81.27
369,2.01907E+13,59.6,346,-52.10001,3.86,3.838,44,41,27.07,81.39
370,2.01907E+13,60,346,-52.10001,3.861,3.839,44,41,27.11,81.50999
371,2.01907E+13,60,346.1,-52.10001,3.862,3.838,44,41,27.11,81.52
372,2.01907E+13,60,346.1,-52.10001,3.862,3.84,44,41,27.16,81.64
373,2.01907E+13,60,346.1,-52.10001,3.863,3.84,44,41,27.19,81.75
374,2.01907E+13,60,346.3,-52.10001,3.864,3.841,44,41,27.24,81.87
375,2.01907E+13,60.4,346.3,-52.10001,3.864,3.842,44,41,27.28,82
376,2.01907E+13,60.4,346.4,-52.10001,3.864,3.842,44,41,27.31,82.11
377,2.01907E+13,60.4,346.4,-52.10001,3.867,3.843,44,41,27.35,82.23
378,2.01907E+13,60.4,346.4,-52.10001,3.867,3.844,44,41,27.39,82.34
379,2.01907E+13,60.4,346.6,-52.10001,3.867,3.845,44,41,27.42,82.45
380,2.01907E+13,60.8,346.6,-52.10001,3.868,3.846,44,41,27.47,82.57
381,2.01907E+13,60.8,346.8,-52.10001,3.87,3.847,44,41,27.5,82.68999
382,2.01907E+13,60.8,346.8,-52.10001,3.87,3.848,44,41,27.54,82.8
383,2.01907E+13,60.8,346.9,-52.10001,3.87,3.848,44,41,27.58,82.92
384,2.01907E+13,60.8,347.1,-52.10001,3.872,3.849,44,41,27.62,83.03
385,2.01907E+13,61.2,347.1,-52.10001,3.872,3.851,44,41,27.66,83.15
386,2.01907E+13,61.2,347.2,-52.10001,3.873,3.85,44,41,27.7,83.28
387,2.01907E+13,61.2,347.2,-52.10001,3.874,3.852,44,41,27.74,83.4
388,2.01907E+13,61.2,347.2,-52.10001,3.874,3.852,44,41,27.78,83.50999
389,2.01907E+13,61.6,347.4,-52.10001,3.875,3.854,44,41,27.82,83.64
390,2.01907E+13,61.6,347.4,-52.20001,3.876,3.854,44,41,27.85,83.73
391,2.01907E+13,61.6,347.4,-52.10001,3.877,3.855,44,41,27.89,83.85
392,2.01907E+13,61.6,347.5,-52.10001,3.877,3.856,44,41,27.93,83.97
393,2.01907E+13,61.6,347.7,-52.10001,3.878,3.857,44,41,27.97,84.08
394,2.01907E+13,62,347.7,-52.10001,3.88,3.856,44,41,28,84.2
395,2.01907E+13,62,347.7,-52.20001,3.88,3.858,44,41,28.05,84.31
396,2.01907E+13,62,347.8,-52.10001,3.881,3.859,44,41,28.08,84.43
397,2.01907E+13,62,347.8,-52.10001,3.882,3.86,44,41,28.13,84.56
398,2.01907E+13,62,348,-52.10001,3.883,3.86,44,41,28.17,84.68
399,2.01907E+13,62.4,348,-52.10001,3.884,3.861,44,41,28.21,84.79
400,2.01907E+13,62.4,348.2,-52.10001,3.884,3.863,44,41,28.24,84.92
401,2.01907E+13,62.4,348.2,-52.10001,3.885,3.863,44,41,28.29,85.03
402,2.01907E+13,62.4,348.3,-52.10001,3.886,3.864,44,41,28.32,85.15
403,2.01907E+13,62.8,348.3,-52.10001,3.886,3.865,44,41,28.36,85.25999
404,2.01907E+13,62.8,348.5,-52.10001,3.887,3.866,44,41,28.4,85.38
405,2.01907E+13,62.8,348.5,-52.10001,3.888,3.867,44,41,28.44,85.5
406,2.01907E+13,62.8,348.6,-52.10001,3.889,3.867,44,41,28.48,85.61
407,2.01907E+13,62.8,348.6,-52.10001,3.891,3.867,44,41,28.52,85.73
408,2.01907E+13,63.2,348.6,-52.10001,3.891,3.869,44,41,28.55,85.84
409,2.01907E+13,63.2,348.8,-52.10001,3.892,3.869,44,41,28.6,85.98
410,2.01907E+13,63.2,348.9,-52.10001,3.892,3.87,44,41,28.64,86.09
411,2.01907E+13,63.2,348.9,-52.10001,3.893,3.87,44,41,28.67,86.21
412,2.01907E+13,63.6,348.9,-52.10001,3.894,3.872,44,41,28.72,86.32
413,2.01907E+13,63.6,349.1,-52.10001,3.895,3.873,44,41,28.75,86.43999
414,2.01907E+13,63.6,349.3,-52.10001,3.896,3.873,44,41,28.79,86.54
415,2.01907E+13,63.6,349.3,-52.10001,3.897,3.876,44,41,28.82,86.65
416,2.01907E+13,63.6,349.3,-52.10001,3.898,3.876,44,41,28.86,86.78
417,2.01907E+13,64,349.4,-52.10001,3.899,3.876,44,41,28.9,86.89
418,2.01907E+13,64,349.4,-52.10001,3.899,3.877,44,41,28.94,87.00999
419,2.01907E+13,64,349.6,-52.10001,3.9,3.878,44,41,28.98,87.12
420,2.01907E+13,64,349.6,-52.10001,3.901,3.879,44,41,29.03,87.25999
421,2.01907E+13,64,349.7,-52.10001,3.902,3.879,44,41,29.06,87.37
422,2.01907E+13,64.4,349.7,-52.10001,3.903,3.88,44,41,29.1,87.49
423,2.01907E+13,64.4,349.7,-52.10001,3.904,3.881,44,41,29.15,87.63
424,2.01907E+13,64.4,349.9,-52.10001,3.904,3.882,44,41,29.18,87.74
425,2.01907E+13,64.4,349.9,-52.10001,3.905,3.883,44,41,29.22,87.86
426,2.01907E+13,64.8,350,-52.10001,3.906,3.884,44,41,29.26,87.96
427,2.01907E+13,64.8,350.2,-52.10001,3.906,3.885,44,41,29.29,88.06
428,2.01907E+13,64.8,350.2,-52.10001,3.908,3.885,44,41,29.33,88.18999
429,2.01907E+13,64.8,350.2,-52.10001,3.909,3.887,44,41,29.37,88.3
430,2.01907E+13,64.8,350.3,-52.10001,3.909,3.888,44,41,29.41,88.42
431,2.01907E+13,65.2,350.5,-52.10001,3.911,3.888,44,41,29.46,88.55
432,2.01907E+13,65.2,350.5,-52.10001,3.911,3.889,44,41,29.49,88.67
433,2.01907E+13,65.2,350.5,-52.10001,3.912,3.89,44,41,29.54,88.78
434,2.01907E+13,65.2,350.7,-52.10001,3.912,3.89,44,41,29.57,88.9
435,2.01907E+13,65.2,350.8,-52.10001,3.914,3.892,44,41,29.61,89.02
436,2.01907E+13,65.6,350.8,-52.10001,3.914,3.892,44,41,29.65,89.13
437,2.01907E+13,65.6,350.8,-52.10001,3.915,3.893,44,41,29.69,89.25
438,2.01907E+13,65.6,351,-52.10001,3.916,3.894,44,41,29.72,89.36
439,2.01907E+13,65.6,351,-52.10001,3.916,3.895,44,41,29.77,89.49
440,2.01907E+13,66,351.1,-52.10001,3.918,3.896,44,41,29.8,89.6
441,2.01907E+13,66,351.1,-52.10001,3.918,3.896,44,41,29.84,89.72
442,2.01907E+13,66,351.3,-52.10001,3.919,3.897,44,41,29.89,89.85
443,2.01907E+13,66,351.3,-52.10001,3.921,3.898,44,41,29.92,89.97
444,2.01907E+13,66,351.4,-52.10001,3.922,3.899,44,41,29.97,90.07999
445,2.01907E+13,66.4,351.4,-52.10001,3.923,3.9,44,41,30,90.2
446,2.01907E+13,66.4,351.6,-52.10001,3.923,3.901,44,41,30.04,90.31
447,2.01907E+13,66.4,351.6,-52.10001,3.924,3.901,44,41,30.08,90.43
448,2.01907E+13,66.4,351.8,-52.10001,3.925,3.902,44,41,30.12,90.55
449,2.01907E+13,66.4,351.8,-52.10001,3.925,3.903,44,41,30.15,90.64
450,2.01907E+13,66.8,351.9,-52.10001,3.925,3.904,44,41,30.19,90.77
451,2.01907E+13,66.8,351.9,-52.10001,3.927,3.905,44,41,30.23,90.9
452,2.01907E+13,66.8,352.1,-52.10001,3.928,3.906,44,41,30.28,91.00999
453,2.01907E+13,66.8,352.1,-52.10001,3.929,3.906,44,41,30.32,91.15
454,2.01907E+13,67.2,352.1,-52.10001,3.929,3.907,44,41,30.36,91.25999
455,2.01907E+13,67.2,352.2,-52.10001,3.931,3.908,44,41,30.4,91.38
456,2.01907E+13,67.2,352.2,-52.10001,3.932,3.909,44,41,30.43,91.49
457,2.01907E+13,67.2,352.4,-52.10001,3.932,3.91,44,41,30.47,91.61
458,2.01907E+13,67.2,352.4,-52.10001,3.933,3.91,44,41,30.51,91.73
459,2.01907E+13,67.6,352.4,-52.10001,3.934,3.911,44,41,30.55,91.84
460,2.01907E+13,67.6,352.5,-52.10001,3.935,3.912,44,41,30.59,91.96
461,2.01907E+13,67.6,352.7,-52.10001,3.935,3.914,44,41,30.62,92.06
462,2.01907E+13,67.6,352.7,-52.10001,3.936,3.914,44,41,30.66,92.17
463,2.01907E+13,68,352.8,-52.10001,3.937,3.915,44,41,30.7,92.29
464,2.01907E+13,68,352.8,-52.20001,3.938,3.916,44,41,30.74,92.41
465,2.01907E+13,68,353,-52.10001,3.939,3.916,44,41,30.78,92.54
466,2.01907E+13,68,353,-52.10001,3.94,3.917,44,41,30.83,92.68
467,2.01907E+13,68,353.2,-52.20001,3.941,3.917,44,41,30.87,92.79
468,2.01907E+13,68.4,353.2,-52.10001,3.942,3.919,44,41,30.9,92.91
469,2.01907E+13,68.4,353.3,-52.10001,3.942,3.919,44,41,30.94,93.02
470,2.01907E+13,68.4,353.3,-52.10001,3.943,3.921,44,41,30.98,93.14
471,2.01907E+13,68.4,353.5,-52.10001,3.943,3.921,44,41,31.02,93.25
472,2.01907E+13,68.4,353.5,-52.10001,3.944,3.921,44,41,31.05,93.35
473,2.01907E+13,68.8,353.5,-52.10001,3.945,3.923,44,41,31.09,93.48
474,2.01907E+13,68.8,353.6,-52.10001,3.946,3.924,44,41,31.13,93.59
475,2.01907E+13,68.8,353.6,-52.10001,3.947,3.924,44,41,31.17,93.71
476,2.01907E+13,68.8,353.8,-52.10001,3.948,3.925,44,41,31.21,93.84
477,2.01907E+13,69.2,353.8,-52.20001,3.948,3.926,44,41,31.25,93.96
478,2.01907E+13,69.2,353.9,-52.10001,3.95,3.927,44,41,31.29,94.07
479,2.01907E+13,69.2,353.9,-52.10001,3.95,3.928,44,41,31.33,94.18999
480,2.01907E+13,69.2,354.1,-52.10001,3.951,3.928,44,41,31.38,94.32
481,2.01907E+13,69.2,354.1,-52.10001,3.952,3.93,44,41,31.41,94.43999
482,2.01907E+13,69.6,354.3,-52.20001,3.953,3.93,44,41,31.45,94.55
483,2.01907E+13,69.6,354.4,-52.10001,3.953,3.931,44,41,31.48,94.65
484,2.01907E+13,69.6,354.4,-52.10001,3.954,3.932,44,41,31.52,94.77
485,2.01907E+13,69.6,354.4,-52.10001,3.956,3.933,44,41,31.56,94.88
486,2.01907E+13,69.6,354.6,-52.10001,3.957,3.934,44,41,31.6,95
487,2.01907E+13,70,354.6,-52.10001,3.957,3.935,44,41,31.64,95.14
488,2.01907E+13,70,354.7,-52.10001,3.957,3.935,44,41,31.68,95.25
489,2.01907E+13,70,354.7,-52.10001,3.958,3.936,44,41,31.72,95.37
490,2.01907E+13,70,354.9,-52.10001,3.96,3.937,44,41,31.76,95.48
491,2.01907E+13,70.4,354.9,-52.10001,3.961,3.938,44,41,31.8,95.6
492,2.01907E+13,70.4,354.9,-52.10001,3.961,3.939,44,41,31.84,95.72
493,2.01907E+13,70.4,355,-52.20001,3.962,3.939,44,41,31.88,95.82999
494,2.01907E+13,70.4,355.2,-52.20001,3.963,3.94,44,41,31.92,95.96
495,2.01907E+13,70.4,355.2,-52.10001,3.964,3.941,44,41,31.96,96.07999
496,2.01907E+13,70.8,355.3,-52.20001,3.964,3.942,44,41,31.99,96.18
497,2.01907E+13,70.8,355.3,-52.10001,3.965,3.943,44,41,32.03,96.3
498,2.01907E+13,70.8,355.5,-52.10001,3.965,3.944,44,41,32.07,96.42
499,2.01907E+13,70.8,355.5,-52.20001,3.968,3.945,44,41,32.12,96.54
500,2.01907E+13,70.8,355.7,-52.10001,3.968,3.946,44,41,32.15,96.67
501,2.01907E+13,71.2,355.7,-52.20001,3.968,3.947,44,41,32.2,96.78
502,2.01907E+13,71.2,355.8,-52.10001,3.971,3.947,44,41,32.23,96.9
503,2.01907E+13,71.2,355.8,-52.20001,3.97,3.947,44,41,32.27,97.00999
504,2.01907E+13,71.2,356,-52.20001,3.972,3.949,44,41,32.31,97.13
505,2.01907E+13,71.6,356,-52.10001,3.972,3.95,44,41,32.35,97.24
506,2.01907E+13,71.6,356,-52.10001,3.973,3.95,44,41,32.38,97.36
507,2.01907E+13,71.6,356.1,-52.20001,3.974,3.952,44,41,32.43,97.48
508,2.01907E+13,71.6,356.1,-52.10001,3.974,3.952,44,41,32.46,97.59
509,2.01907E+13,71.6,356.3,-52.20001,3.976,3.953,44,41,32.5,97.73
510,2.01907E+13,72,356.3,-52.10001,3.976,3.954,44,41,32.55,97.85
511,2.01907E+13,72,356.4,-52.10001,3.977,3.955,44,41,32.58,97.96
512,2.01907E+13,72,356.4,-52.20001,3.978,3.956,44,41,32.63,98.07999
513,2.01907E+13,72,356.6,-52.10001,3.979,3.957,44,41,32.66,98.18999
514,2.01907E+13,72.4,356.6,-52.20001,3.98,3.958,44,41,32.7,98.31
515,2.01907E+13,72.4,356.8,-52.20001,3.981,3.958,44,41,32.74,98.43
516,2.01907E+13,72.4,356.8,-52.10001,3.982,3.959,44,41,32.78,98.54
517,2.01907E+13,72.4,356.9,-52.20001,3.982,3.961,44,41,32.81,98.66
518,2.01907E+13,72.4,356.9,-52.10001,3.983,3.961,44,41,32.86,98.77
519,2.01907E+13,72.8,357.1,-52.20001,3.984,3.961,44,41,32.89,98.87
520,2.01907E+13,72.8,357.1,-52.20001,3.985,3.962,44,41,32.93,98.99
521,2.01907E+13,72.8,357.2,-52.20001,3.986,3.963,44,41,32.97,99.13
522,2.01907E+13,72.8,357.2,-52.10001,3.987,3.964,44,41,33.01,99.25
523,2.01907E+13,72.8,357.4,-52.10001,3.988,3.965,44,41,33.06,99.37
524,2.01907E+13,73.2,357.4,-52.10001,3.988,3.965,44,41,33.09,99.49
525,2.01907E+13,73.2,357.4,-52.20001,3.989,3.966,44,41,33.13,99.61
526,2.01907E+13,73.2,357.5,-52.10001,3.99,3.967,44,41,33.17,99.72
527,2.01907E+13,73.2,357.7,-52.20001,3.991,3.968,44,41,33.21,99.84
528,2.01907E+13,73.6,357.7,-52.10001,3.992,3.969,44,41,33.24,99.95
529,2.01907E+13,73.6,357.8,-52.20001,3.993,3.97,44,41,33.29,100.07
530,2.01907E+13,73.6,357.8,-52.20001,3.993,3.971,44,41,33.32,100.19
531,2.01907E+13,73.6,358,-52.20001,3.994,3.971,44,41,33.37,100.3
532,2.01907E+13,73.6,358,-52.20001,3.995,3.972,44,41,33.4,100.42
533,2.01907E+13,74,358,-52.20001,3.996,3.973,44,41,33.44,100.53
534,2.01907E+13,74,358.2,-52.20001,3.997,3.974,44,41,33.48,100.66
535,2.01907E+13,74,358.3,-52.20001,3.998,3.975,44,41,33.52,100.77
536,2.01907E+13,74,358.3,-52.20001,3.999,3.976,44,41,33.56,100.89
537,2.01907E+13,74,358.5,-52.20001,4,3.977,44,41,33.6,101
538,2.01907E+13,74.4,358.5,-52.10001,4,3.978,44,41,33.64,101.14
539,2.01907E+13,74.4,358.6,-52.20001,4.001,3.979,44,41,33.68,101.25
540,2.01907E+13,74.4,358.6,-52.10001,4.001,3.979,44,41,33.72,101.37
541,2.01907E+13,74.4,358.6,-52.20001,4.003,3.98,44,41,33.75,101.48
542,2.01907E+13,74.8,358.8,-52.20001,4.004,3.982,44,41,33.8,101.6
543,2.01907E+13,74.8,358.9,-52.20001,4.005,3.982,44,41,33.83,101.72
544,2.01907E+13,74.8,358.9,-52.20001,4.005,3.982,44,41,33.87,101.83
545,2.01907E+13,74.8,359.1,-52.20001,4.006,3.984,44,41,33.91,101.95
546,2.01907E+13,74.8,359.1,-52.20001,4.008,3.985,44,41,33.95,102.06
547,2.01907E+13,75.2,359.1,-52.20001,4.008,3.985,44,41,33.99,102.18
548,2.01907E+13,75.2,359.3,-52.10001,4.009,3.987,44,41,34.03,102.29
549,2.01907E+13,75.2,359.3,-52.20001,4.01,3.987,44,41,34.06,102.42
550,2.01907E+13,75.2,359.4,-52.10001,4.01,3.988,44,41,34.11,102.53
551,2.01907E+13,75.6,359.6,-52.20001,4.012,3.989,44,41,34.14,102.65
552,2.01907E+13,75.6,359.6,-52.20001,4.013,3.989,44,41,34.19,102.78
553,2.01907E+13,75.6,359.7,-52.10001,4.014,3.99,44,41,34.23,102.9
554,2.01907E+13,75.6,359.7,-52.20001,4.014,3.991,44,41,34.27,103.01
555,2.01907E+13,75.6,359.9,-52.20001,4.015,3.992,44,41,34.3,103.13
556,2.01907E+13,76,359.9,-52.20001,4.015,3.993,44,41,34.34,103.24
557,2.01907E+13,76,359.9,-52.20001,4.017,3.994,44,41,34.38,103.36
558,2.01907E+13,76,360,-52.20001,4.018,3.995,44,41,34.42,103.48
559,2.01907E+13,76,360.2,-52.20001,4.019,3.995,44,41,34.46,103.6
560,2.01907E+13,76,360.2,-52.20001,4.019,3.996,44,41,34.5,103.71
561,2.01907E+13,76.4,360.3,-52.20001,4.02,3.998,44,41,34.54,103.83
562,2.01907E+13,76.4,360.3,-52.20001,4.021,3.998,44,41,34.57,103.94
563,2.01907E+13,76.4,360.5,-52.20001,4.022,3.999,44,41,34.62,104.06
564,2.01907E+13,76.4,360.5,-52.10001,4.023,4,44,41,34.65,104.18
565,2.01907E+13,76.8,360.7,-52.20001,4.023,4.001,44,41,34.7,104.31
566,2.01907E+13,76.8,360.7,-52.20001,4.024,4.002,44,41,34.73,104.41
567,2.01907E+13,76.8,360.7,-52.20001,4.025,4.003,44,41,34.77,104.52
568,2.01907E+13,76.8,360.8,-52.20001,4.026,4.004,44,41,34.8,104.65
569,2.01907E+13,76.8,361,-52.20001,4.027,4.004,44,41,34.85,104.77
570,2.01907E+13,77.2,361,-52.20001,4.028,4.005,44,41,34.89,104.89
571,2.01907E+13,77.2,361,-52.20001,4.029,4.006,44,41,34.93,105
572,2.01907E+13,77.2,361.1,-52.20001,4.029,4.007,44,41,34.97,105.13
573,2.01907E+13,77.2,361.3,-52.20001,4.031,4.008,44,41,35.01,105.24
574,2.01907E+13,77.2,361.3,-52.20001,4.032,4.009,44,41,35.05,105.36
575,2.01907E+13,77.6,361.4,-52.20001,4.033,4.009,44,41,35.08,105.47
576,2.01907E+13,77.6,361.4,-52.20001,4.033,4.01,44,41,35.12,105.59
577,2.01907E+13,77.6,361.6,-52.20001,4.034,4.011,44,41,35.16,105.72
578,2.01907E+13,77.6,361.6,-52.20001,4.035,4.012,44,41,35.21,105.84
579,2.01907E+13,78,361.6,-52.10001,4.036,4.013,44,41,35.24,105.94
580,2.01907E+13,78,361.8,-52.20001,4.037,4.014,44,41,35.28,106.05
581,2.01907E+13,78,361.9,-52.20001,4.038,4.015,44,41,35.31,106.17
582,2.01907E+13,78,361.9,-52.20001,4.038,4.015,44,41,35.36,106.28
583,2.01907E+13,78,362.1,-52.20001,4.04,4.017,44,41,35.39,106.41
584,2.01907E+13,78.4,362.2,-52.20001,4.04,4.018,44,41,35.43,106.52
585,2.01907E+13,78.4,362.1,-52.20001,4.041,4.018,44,41,35.47,106.64
586,2.01907E+13,78.4,362.4,-52.20001,4.043,4.019,44,41,35.51,106.75
587,2.01907E+13,78.4,362.4,-52.20001,4.043,4.02,44,41,35.55,106.87
588,2.01907E+13,78.4,362.4,-52.20001,4.044,4.021,44,41,35.59,106.99
589,2.01907E+13,78.8,362.5,-52.20001,4.045,4.022,44,41,35.63,107.12
590,2.01907E+13,78.8,362.5,-52.20001,4.046,4.022,44,41,35.67,107.23
591,2.01907E+13,78.8,362.7,-52.20001,4.047,4.023,44,42,35.71,107.35
592,2.01907E+13,78.8,362.8,-52.20001,4.048,4.025,44,42,35.75,107.47
593,2.01907E+13,79.2,362.8,-52.20001,4.049,4.026,44,42,35.79,107.58
594,2.01907E+13,79.2,362.8,-52.20001,4.049,4.026,44,42,35.82,107.7
595,2.01907E+13,79.2,362.8,-52.20001,4.051,4.027,44,41,35.86,107.81
596,2.01907E+13,79.2,363,-52.20001,4.051,4.028,44,41,35.9,107.93
597,2.01907E+13,79.2,363.2,-52.20001,4.052,4.029,44,42,35.94,108.05
598,2.01907E+13,79.6,363.3,-52.20001,4.052,4.029,44,42,35.98,108.17
599,2.01907E+13,79.6,363.3,-52.20001,4.054,4.031,44,42,36.03,108.3
600,2.01907E+13,79.6,363.5,-52.20001,4.055,4.032,44,42,36.06,108.41
601,2.01907E+13,79.6,363.5,-52.20001,4.056,4.033,44,42,36.1,108.53
602,2.01907E+13,79.6,363.5,-52.20001,4.056,4.034,44,42,36.13,108.63
603,2.01907E+13,80,363.6,-52.20001,4.058,4.035,44,41,36.17,108.75
604,2.01907E+13,80,363.6,-52.20001,4.059,4.036,44,42,36.21,108.86
605,2.01907E+13,80,363.8,-52.20001,4.059,4.037,44,42,36.25,108.98
606,2.01907E+13,80,363.9,-52.20001,4.06,4.037,44,42,36.29,109.09
607,2.01907E+13,80.4,363.9,-52.20001,4.062,4.038,44,42,36.33,109.21
608,2.01907E+13,80.4,364.1,-52.20001,4.061,4.039,44,42,36.36,109.33
609,2.01907E+13,80.4,364.1,-52.20001,4.063,4.04,44,42,36.41,109.45
610,2.01907E+13,80.4,364.3,-52.20001,4.063,4.041,44,42,36.44,109.56
611,2.01907E+13,80.4,364.3,-52.20001,4.065,4.042,44,42,36.49,109.7
612,2.01907E+13,80.8,364.4,-52.20001,4.065,4.042,44,42,36.53,109.81
613,2.01907E+13,80.8,364.4,-52.20001,4.067,4.044,44,42,36.57,109.93
614,2.01907E+13,80.8,364.6,-52.20001,4.067,4.044,44,42,36.6,110.04
615,2.01907E+13,80.8,364.6,-52.20001,4.068,4.046,44,42,36.64,110.16
616,2.01907E+13,80.8,364.7,-52.20001,4.069,4.047,44,42,36.68,110.27
617,2.01907E+13,81.2,364.7,-52.20001,4.07,4.047,44,42,36.72,110.4
618,2.01907E+13,81.2,364.9,-52.20001,4.071,4.048,44,42,36.76,110.51
619,2.01907E+13,81.2,364.9,-52.20001,4.071,4.049,44,42,36.8,110.63
620,2.01907E+13,81.2,365,-52.20001,4.073,4.05,44,42,36.84,110.74
621,2.01907E+13,81.6,365,-52.20001,4.073,4.051,44,42,36.87,110.86
622,2.01907E+13,81.6,365.2,-52.20001,4.074,4.052,44,42,36.92,110.99
623,2.01907E+13,81.6,365.3,-52.20001,4.075,4.052,44,42,36.96,111.11
624,2.01907E+13,81.6,365.3,-52.20001,4.077,4.054,44,42,37,111.22
625,2.01907E+13,81.6,365.5,-52.20001,4.077,4.055,44,42,37.03,111.32
626,2.01907E+13,82,365.5,-52.20001,4.078,4.055,44,42,37.07,111.44
627,2.01907E+13,82,365.7,-52.20001,4.078,4.056,44,42,37.1,111.56
628,2.01907E+13,82,365.7,-52.20001,4.08,4.057,44,42,37.15,111.67
629,2.01907E+13,82,365.8,-52.20001,4.08,4.058,44,42,37.18,111.79
630,2.01907E+13,82.4,365.8,-52.20001,4.082,4.059,44,42,37.23,111.9
631,2.01907E+13,82.4,366,-52.20001,4.083,4.06,44,42,37.26,112.02
632,2.01907E+13,82.4,366,-52.20001,4.084,4.06,44,42,37.31,112.16
633,2.01907E+13,82.4,366.1,-52.20001,4.085,4.062,44,42,37.35,112.27
634,2.01907E+13,82.4,366.1,-52.20001,4.086,4.063,44,42,37.38,112.39
635,2.01907E+13,82.8,366.3,-52.20001,4.087,4.064,44,42,37.42,112.5
636,2.01907E+13,82.8,366.3,-52.20001,4.087,4.065,44,42,37.46,112.62
637,2.01907E+13,82.8,366.4,-52.20001,4.088,4.065,44,42,37.5,112.74
638,2.01907E+13,82.8,366.4,-52.20001,4.089,4.066,44,42,37.54,112.85
639,2.01907E+13,82.8,366.6,-52.20001,4.09,4.067,44,42,37.58,112.97
640,2.01907E+13,83.2,366.6,-52.20001,4.091,4.068,44,42,37.61,113.08
641,2.01907E+13,83.2,366.8,-52.20001,4.091,4.069,44,42,37.66,113.2
642,2.01907E+13,83.2,366.8,-52.20001,4.093,4.07,44,42,37.69,113.32
643,2.01907E+13,83.2,366.9,-52.20001,4.093,4.071,44,42,37.73,113.44
644,2.01907E+13,83.6,366.9,-52.20001,4.095,4.072,44,42,37.77,113.55
645,2.01907E+13,83.6,367.1,-52.20001,4.096,4.073,44,42,37.82,113.69
646,2.01907E+13,83.6,367.1,-52.20001,4.097,4.073,44,42,37.85,113.8
647,2.01907E+13,83.6,367.4,-52.20001,4.098,4.075,44,42,37.89,113.92
648,2.01907E+13,83.6,367.4,-52.20001,4.098,4.075,44,42,37.93,114.03
649,2.01907E+13,84,367.4,-52.20001,4.1,4.076,44,42,37.97,114.13
650,2.01907E+13,84,367.5,-52.20001,4.101,4.077,44,42,38,114.25
651,2.01907E+13,84,367.5,-52.20001,4.102,4.078,44,42,38.04,114.36
652,2.01907E+13,84,367.7,-52.20001,4.102,4.079,44,42,38.08,114.48
653,2.01907E+13,84,367.7,-52.20001,4.103,4.08,44,42,38.12,114.6
654,2.01907E+13,84.4,367.8,-52.20001,4.104,4.081,44,42,38.16,114.73
655,2.01907E+13,84.4,367.8,-52.20001,4.105,4.082,44,42,38.2,114.84
656,2.01907E+13,84.4,368,-52.20001,4.105,4.083,44,42,38.24,114.97
657,2.01907E+13,84.4,368.2,-52.20001,4.107,4.084,44,42,38.28,115.08
658,2.01907E+13,84.8,368.2,-52.20001,4.108,4.085,44,42,38.33,115.21
659,2.01907E+13,84.8,368.3,-52.20001,4.109,4.086,44,42,38.36,115.33
660,2.01907E+13,84.8,368.3,-52.20001,4.109,4.086,44,42,38.4,115.45
661,2.01907E+13,84.8,368.3,-52.20001,4.11,4.088,44,42,38.43,115.55
662,2.01907E+13,84.8,368.5,-52.20001,4.111,4.089,44,42,38.47,115.66
663,2.01907E+13,85.2,368.6,-52.20001,4.112,4.09,44,42,38.51,115.78
664,2.01907E+13,85.2,368.6,-52.20001,4.113,4.09,44,42,38.55,115.89
665,2.01907E+13,85.2,368.6,-52.20001,4.113,4.091,44,42,38.59,116.01
666,2.01907E+13,85.2,368.8,-52.20001,4.115,4.092,44,42,38.63,116.12
667,2.01907E+13,85.2,368.9,-52.20001,4.116,4.093,44,42,38.67,116.26
668,2.01907E+13,85.6,368.9,-52.20001,4.117,4.094,44,42,38.71,116.38
669,2.01907E+13,85.6,369.1,-52.20001,4.117,4.094,44,42,38.75,116.49
670,2.01907E+13,85.6,369.3,-52.20001,4.119,4.096,44,42,38.79,116.61
671,2.01907E+13,85.6,369.3,-52.20001,4.12,4.097,44,42,38.83,116.73
672,2.01907E+13,86,369.3,-52.20001,4.121,4.097,44,42,38.86,116.83
673,2.01907E+13,86,369.4,-52.20001,4.121,4.098,44,42,38.9,116.94
674,2.01907E+13,86,369.4,-52.20001,4.122,4.1,44,42,38.94,117.06
675,2.01907E+13,86,369.6,-52.20001,4.123,4.1,44,42,38.97,117.17
676,2.01907E+13,86,369.6,-52.20001,4.124,4.102,44,42,39.02,117.29
677,2.01907E+13,86.4,369.7,-52.20001,4.125,4.102,44,42,39.05,117.41
678,2.01907E+13,86.4,369.9,-52.20001,4.126,4.103,44,42,39.1,117.53
679,2.01907E+13,86.4,369.9,-52.20001,4.128,4.104,44,42,39.14,117.65
680,2.01907E+13,86.4,370,-52.20001,4.129,4.105,44,42,39.17,117.77
681,2.01907E+13,86.4,370,-52.20001,4.129,4.106,44,42,39.22,117.89
682,2.01907E+13,86.8,370.2,-52.20001,4.13,4.107,44,42,39.25,118.01
683,2.01907E+13,86.8,370.2,-52.20001,4.131,4.107,44,42,39.29,118.12
684,2.01907E+13,86.8,370.4,-52.20001,4.132,4.109,44,42,39.33,118.24
685,2.01907E+13,86.8,370.4,-52.20001,4.133,4.11,44,42,39.36,118.34
686,2.01907E+13,87.2,370.5,-52.20001,4.134,4.11,44,42,39.4,118.47
687,2.01907E+13,87.2,370.5,-52.20001,4.134,4.112,44,42,39.45,118.59
688,2.01907E+13,87.2,370.7,-52.20001,4.135,4.112,44,42,39.48,118.7
689,2.01907E+13,87.2,370.8,-52.20001,4.137,4.113,44,42,39.53,118.82
690,2.01907E+13,87.2,370.8,-52.20001,4.138,4.114,44,42,39.56,118.93
691,2.01907E+13,87.6,371,-52.20001,4.138,4.115,44,42,39.61,119.07
692,2.01907E+13,87.6,371,-52.20001,4.139,4.116,44,42,39.65,119.19
693,2.01907E+13,87.6,371,-52.20001,4.141,4.117,44,42,39.68,119.3
694,2.01907E+13,87.6,371.1,-52.20001,4.141,4.118,44,42,39.72,119.42
695,2.01907E+13,87.6,371.3,-52.20001,4.142,4.119,44,42,39.76,119.54
696,2.01907E+13,88,371.3,-52.20001,4.143,4.12,44,42,39.8,119.65
697,2.01907E+13,88,371.4,-52.20001,4.144,4.121,44,42,39.84,119.75
698,2.01907E+13,88,371.4,-52.20001,4.145,4.122,44,42,39.87,119.87
699,2.01907E+13,88,371.6,-52.20001,4.146,4.123,44,42,39.91,119.98
700,2.01907E+13,88.4,371.6,-52.20001,4.147,4.123,44,42,39.95,120.1
701,2.01907E+13,88.4,371.8,-52.20001,4.147,4.125,44,42,39.99,120.23
702,2.01907E+13,88.4,371.9,-52.20001,4.149,4.126,44,42,40.03,120.35
703,2.01907E+13,88.4,371.9,-52.20001,4.15,4.127,44,42,40.07,120.46
704,2.01907E+13,88.4,372.1,-52.20001,4.152,4.127,44,42,40.11,120.58
705,2.01907E+13,88.8,372.1,-52.20001,4.151,4.128,44,42,40.15,120.69
706,2.01907E+13,88.8,372.2,-52.20001,4.152,4.129,44,42,40.19,120.82
707,2.01907E+13,88.8,372.2,-52.20001,4.153,4.13,44,42,40.22,120.93
708,2.01907E+13,88.8,372.4,-52.20001,4.154,4.131,44,42,40.27,121.05
709,2.01907E+13,88.8,372.4,-52.20001,4.155,4.132,44,42,40.3,121.15
710,2.01907E+13,89.2,372.5,-52.20001,4.156,4.133,44,42,40.34,121.26
711,2.01907E+13,89.2,372.5,-52.20001,4.156,4.134,44,42,40.37,121.38
712,2.01907E+13,89.2,372.7,-52.20001,4.158,4.134,44,42,40.41,121.49
713,2.01907E+13,89.2,372.7,-52.20001,4.159,4.136,44,42,40.46,121.63
714,2.01907E+13,89.6,372.9,-52.20001,4.161,4.137,44,42,40.5,121.74
715,2.01907E+13,89.6,372.7,-48,4.158,4.136,44,42,40.53,121.86
716,2.01907E+13,89.6,372.9,-48,4.159,4.137,44,42,40.57,121.96
717,2.01907E+13,89.6,372.9,-48,4.159,4.138,44,42,40.6,122.07
718,2.01907E+13,89.6,373,-48,4.16,4.138,44,42,40.64,122.18
719,2.01907E+13,90,373,-48,4.161,4.139,44,42,40.68,122.29
720,2.01907E+13,90,373.2,-48,4.162,4.14,44,42,40.71,122.39
721,2.01907E+13,90,373.2,-48,4.162,4.141,44,42,40.75,122.49
722,2.01907E+13,90,373.3,-48,4.163,4.142,44,42,40.78,122.59
723,2.01907E+13,90,373.3,-48,4.164,4.142,44,42,40.82,122.73
724,2.01907E+13,90.4,373.5,-48,4.165,4.143,44,42,40.86,122.82
725,2.01907E+13,90.4,373.5,-48,4.166,4.144,44,42,40.89,122.94
726,2.01907E+13,90.4,373.6,-48,4.167,4.145,44,42,40.93,123.04
727,2.01907E+13,90.4,373.6,-48,4.168,4.146,44,42,40.96,123.16
728,2.01907E+13,90.4,373.6,-48,4.168,4.146,44,42,41,123.26
729,2.01907E+13,90.8,373.8,-48,4.17,4.147,44,42,41.04,123.38
730,2.01907E+13,90.8,373.9,-48,4.171,4.148,44,42,41.07,123.48
731,2.01907E+13,90.8,373.9,-48,4.17,4.149,44,42,41.11,123.59
732,2.01907E+13,90.8,374.1,-48,4.173,4.15,44,42,41.14,123.67
733,2.01907E+13,90.8,374.1,-48,4.173,4.151,44,42,41.18,123.79
734,2.01907E+13,91.2,374.1,-48,4.174,4.151,44,42,41.21,123.89
735,2.01907E+13,91.2,374.3,-48,4.175,4.152,44,42,41.25,124.02
736,2.01907E+13,91.2,374.3,-48,4.176,4.153,44,42,41.29,124.12
737,2.01907E+13,91.2,374.3,-48,4.177,4.154,44,42,41.32,124.22
738,2.01907E+13,91.2,374.4,-48,4.177,4.155,44,42,41.36,124.34
739,2.01907E+13,91.6,374.6,-48,4.178,4.156,44,42,41.4,124.45
740,2.01907E+13,91.6,374.7,-48,4.179,4.157,44,42,41.43,124.55
741,2.01907E+13,91.6,374.7,-48,4.179,4.157,44,42,41.47,124.66
742,2.01907E+13,91.6,374.7,-48,4.18,4.159,44,42,41.5,124.77
743,2.01907E+13,91.6,374.9,-48,4.181,4.159,44,42,41.54,124.87
744,2.01907E+13,92,374.9,-48,4.182,4.16,44,42,41.57,124.99
745,2.01907E+13,92,374.9,-48,4.183,4.161,44,42,41.61,125.09
746,2.01907E+13,92,375,-48,4.184,4.162,44,42,41.65,125.2
747,2.01907E+13,92,375.2,-48,4.185,4.163,44,42,41.68,125.3
748,2.01907E+13,92,375.2,-48,4.186,4.164,44,42,41.72,125.42
749,2.01907E+13,92,375.4,-48,4.186,4.164,44,42,41.75,125.52
750,2.01907E+13,92.4,375.4,-48,4.186,4.165,44,42,41.79,125.63
751,2.01907E+13,92.4,375.5,-48,4.188,4.166,44,42,41.83,125.73
752,2.01907E+13,92.4,375.5,-48,4.188,4.167,44,42,41.86,125.85
753,2.01907E+13,92.4,375.7,-48,4.19,4.168,44,42,41.9,125.95
754,2.01907E+13,92.4,375.7,-48,4.19,4.169,44,42,41.93,126.05
755,2.01907E+13,92.8,375.8,-48,4.191,4.17,44,42,41.97,126.16
756,2.01907E+13,92.8,375.8,-48,4.192,4.17,44,42,42,126.27
757,2.01907E+13,92.8,376,-48,4.193,4.171,44,42,42.04,126.38
758,2.01907E+13,92.8,376,-48,4.193,4.172,44,42,42.07,126.48
759,2.01907E+13,92.8,376.1,-48,4.194,4.173,44,42,42.11,126.6
760,2.01907E+13,93.2,376.1,-48,4.196,4.174,44,42,42.14,126.7
761,2.01907E+13,93.2,376.3,-48,4.196,4.175,44,42,42.19,126.81
762,2.01907E+13,93.2,376.3,-48,4.198,4.176,44,42,42.21,126.91
763,2.01907E+13,93.2,376.4,-48,4.197,4.177,44,42,42.26,127.03
764,2.01907E+13,93.2,376.4,-48,4.199,4.177,44,42,42.29,127.13
765,2.01907E+13,93.6,376.6,-48,4.2,4.178,44,42,42.33,127.25
766,2.01907E+13,93.6,376.4,-48,4.2,4.178,44,42,42.36,127.34
767,2.01907E+13,93.6,376.8,-48,4.201,4.18,44,42,42.39,127.44
768,2.01907E+13,93.6,376.8,-48,4.202,4.18,44,42,42.43,127.54
769,2.01907E+13,93.6,376.8,-48,4.203,4.182,44,42,42.47,127.66
770,2.01907E+13,94,376.9,-48,4.205,4.182,44,42,42.5,127.78
771,2.01907E+13,94,377.1,-48,4.205,4.183,44,42,42.54,127.88
772,2.01907E+13,94,377.1,-48,4.206,4.184,44,42,42.57,128
773,2.01907E+13,94,377.2,-48,4.206,4.185,44,42,42.61,128.09
774,2.01907E+13,94,377.2,-48,4.208,4.186,44,42,42.65,128.21
775,2.01907E+13,94.4,377.2,-48,4.208,4.186,44,42,42.68,128.31
776,2.01907E+13,94.4,377.4,-48,4.21,4.187,44,42,42.72,128.43
777,2.01907E+13,94.4,377.4,-48,4.21,4.188,44,42,42.75,128.53
778,2.01907E+13,94.4,377.5,-48,4.211,4.189,44,42,42.79,128.64
779,2.01907E+13,94.4,377.5,-48,4.211,4.19,44,42,42.83,128.74
780,2.01907E+13,94.8,377.7,-48,4.212,4.191,44,42,42.86,128.86
781,2.01907E+13,94.8,377.7,-48,4.213,4.192,44,42,42.9,128.96
782,2.01907E+13,94.8,377.9,-48,4.215,4.193,44,42,42.93,129.08
783,2.01907E+13,94.8,378,-48,4.215,4.193,44,42,42.97,129.18
784,2.01907E+13,94.8,378,-48,4.216,4.194,44,42,43.01,129.29
785,2.01907E+13,95.2,378,-48,4.217,4.195,44,42,43.04,129.39
786,2.01907E+13,95.2,378.2,-48,4.218,4.196,44,42,43.08,129.51
787,2.01907E+13,95.2,378.2,-48,4.219,4.197,44,42,43.11,129.61
788,2.01907E+13,95.2,378.3,-48,4.219,4.198,44,42,43.15,129.71
789,2.01907E+13,95.2,378.3,-48,4.22,4.199,44,42,43.18,129.82
790,2.01907E+13,95.6,378.5,-48,4.221,4.199,44,42,43.22,129.92
791,2.01907E+13,95.6,378.6,-48,4.222,4.2,44,42,43.26,130.04
792,2.01907E+13,95.6,378.6,-48,4.223,4.201,44,42,43.29,130.14
793,2.01907E+13,95.6,378.6,-48,4.224,4.202,44,42,43.33,130.25
794,2.01907E+13,95.6,378.8,-48,4.225,4.203,44,42,43.36,130.35
795,2.01907E+13,96,378.8,-48,4.225,4.203,44,42,43.4,130.47
796,2.01907E+13,96,378.9,-48,4.226,4.205,44,42,43.44,130.57
797,2.01907E+13,96,378.9,-48,4.227,4.205,44,42,43.47,130.69
798,2.01907E+13,96,379.1,-48,4.228,4.206,44,42,43.51,130.79
799,2.01907E+13,96,379.1,-48,4.229,4.207,44,42,43.54,130.9
800,2.01907E+13,96.4,379.3,-48,4.23,4.208,44,42,43.58,131
801,2.01907E+13,96.4,379.3,-48,4.23,4.209,44,42,43.61,131.1
802,2.01907E+13,96.4,379.4,-48,4.232,4.209,44,42,43.65,131.24
803,2.01907E+13,96.4,379.4,-48,4.232,4.21,44,42,43.69,131.33
804,2.01907E+13,96.4,379.6,-48,4.233,4.211,44,42,43.72,131.43
805,2.01907E+13,96.8,379.6,-48,4.234,4.213,44,42,43.76,131.55
806,2.01907E+13,96.8,379.7,-48,4.235,4.213,44,42,43.8,131.65
807,2.01907E+13,96.8,379.7,-48,4.236,4.214,44,42,43.83,131.77
808,2.01907E+13,96.8,379.9,-48,4.237,4.215,44,42,43.87,131.86
809,2.01907E+13,96.8,379.9,-48,4.237,4.215,44,42,43.9,131.96
810,2.01907E+13,97.2,380,-48,4.239,4.217,44,42,43.94,132.08
811,2.01907E+13,97.2,380,-48,4.239,4.217,44,42,43.97,132.18
812,2.01907E+13,97.2,378.9,-14.70001,4.22,4.206,44,42,44,132.27
813,2.01907E+13,97.2,378.9,-14.70001,4.218,4.206,44,42,44.01,132.3
814,2.01907E+13,97.2,378.8,-14.70001,4.217,4.204,44,42,44.03,132.35
815,2.01907E+13,97.2,378.8,-14.70001,4.217,4.205,44,42,44.03,132.38
816,2.01907E+13,97.2,378.8,-14.70001,4.216,4.204,44,42,44.05,132.42
817,2.01907E+13,97.2,378.8,-14.70001,4.217,4.204,44,42,44.05,132.45
818,2.01907E+13,97.2,378.8,-14.70001,4.216,4.204,44,42,44.08,132.5
819,2.01907E+13,97.2,378.6,-14.70001,4.216,4.204,44,42,44.08,132.53
820,2.01907E+13,97.2,378.6,-14.70001,4.217,4.203,44,42,44.1,132.57
821,2.01907E+13,97.2,378.8,-14.70001,4.216,4.204,44,42,44.1,132.6
822,2.01907E+13,97.6,378.8,-14.70001,4.216,4.204,44,42,44.12,132.63
823,2.01907E+13,97.6,378.8,-14.70001,4.216,4.204,44,42,44.13,132.66
824,2.01907E+13,97.6,378.8,-14.70001,4.216,4.204,44,42,44.14,132.7
825,2.01907E+13,97.6,378.8,-14.70001,4.216,4.204,44,42,44.16,132.75
826,2.01907E+13,97.6,378.8,-14.70001,4.217,4.204,44,42,44.17,132.78
827,2.01907E+13,97.6,378.8,-14.70001,4.216,4.204,44,42,44.18,132.81
828,2.01907E+13,97.6,378.8,-14.70001,4.217,4.205,44,41,44.19,132.85
829,2.01907E+13,97.6,378.8,-14.70001,4.217,4.204,44,42,44.2,132.88
830,2.01907E+13,97.6,378.8,-14.70001,4.217,4.205,44,41,44.21,132.91
831,2.01907E+13,97.6,378.9,-14.70001,4.217,4.205,44,41,44.23,132.95
832,2.01907E+13,97.6,378.9,-14.70001,4.218,4.205,44,41,44.23,132.98
833,2.01907E+13,97.6,378.8,-14.70001,4.218,4.206,44,41,44.25,133.01
834,2.01907E+13,97.6,378.9,-14.70001,4.217,4.205,44,41,44.26,133.05
835,2.01907E+13,97.6,378.9,-14.70001,4.218,4.206,44,41,44.27,133.08
836,2.01907E+13,97.6,378.9,-14.70001,4.218,4.206,44,41,44.28,133.11
837,2.01907E+13,97.6,378.9,-14.70001,4.218,4.206,44,41,44.3,133.17
838,2.01907E+13,98,378.9,-14.70001,4.219,4.206,44,41,44.3,133.18
839,2.01907E+13,98,378.9,-14.70001,4.219,4.207,44,41,44.31,133.22
840,2.01907E+13,98,379.1,-14.70001,4.219,4.206,44,41,44.32,133.24
841,2.01907E+13,98,379.1,-14.70001,4.22,4.207,44,41,44.33,133.28
842,2.01907E+13,98,378.9,-14.70001,4.219,4.207,44,41,44.34,133.32
843,2.01907E+13,98,379.1,-14.70001,4.22,4.208,44,41,44.36,133.34
844,2.01907E+13,98,379.1,-14.70001,4.22,4.208,44,41,44.37,133.38
845,2.01907E+13,98,379.1,-14.70001,4.219,4.208,44,41,44.38,133.41
846,2.01907E+13,98,379.1,-14.70001,4.22,4.208,44,41,44.39,133.45
847,2.01907E+13,98,379.1,-14.70001,4.22,4.208,44,41,44.41,133.5
848,2.01907E+13,98,379.1,-14.70001,4.221,4.208,44,41,44.41,133.51
849,2.01907E+13,98,379.3,-14.70001,4.221,4.209,44,41,44.43,133.56
850,2.01907E+13,98,379.3,-14.70001,4.221,4.209,44,41,44.44,133.58
851,2.01907E+13,98,379.3,-14.70001,4.221,4.208,44,41,44.44,133.61
852,2.01907E+13,98,379.3,-14.70001,4.221,4.209,44,41,44.46,133.65
853,2.01907E+13,98,379.3,-14.70001,4.222,4.209,44,41,44.46,133.68
854,2.01907E+13,98.4,379.3,-14.70001,4.222,4.21,44,41,44.48,133.71
855,2.01907E+13,98.4,379.3,-14.70001,4.223,4.21,44,41,44.49,133.75
856,2.01907E+13,98.4,379.3,-14.70001,4.223,4.21,44,41,44.5,133.78
857,2.01907E+13,98.4,379.3,-14.70001,4.223,4.21,44,41,44.51,133.81
858,2.01907E+13,98.4,379.4,-14.70001,4.223,4.21,44,41,44.52,133.85
859,2.01907E+13,98.4,379.4,-14.70001,4.224,4.211,44,41,44.54,133.88
860,2.01907E+13,98.4,379.4,-14.70001,4.223,4.211,44,41,44.54,133.91
861,2.01907E+13,98.4,379.4,-14.70001,4.224,4.212,44,41,44.56,133.94
862,2.01907E+13,98.4,379.4,-14.70001,4.224,4.212,44,41,44.56,133.98
863,2.01907E+13,98.4,379.4,-14.70001,4.224,4.211,44,41,44.58,134.01
864,2.01907E+13,98.4,379.4,-14.70001,4.224,4.213,44,41,44.59,134.03
865,2.01907E+13,98.4,379.6,-14.70001,4.225,4.213,44,41,44.59,134.06
866,2.01907E+13,98.4,379.6,-14.70001,4.225,4.213,44,41,44.61,134.09
867,2.01907E+13,98.4,379.6,-14.70001,4.225,4.212,44,41,44.62,134.13
868,2.01907E+13,98.4,379.6,-14.70001,4.225,4.212,44,41,44.63,134.16
869,2.01907E+13,98.4,379.6,-14.70001,4.226,4.213,44,41,44.64,134.19
870,2.01907E+13,98.4,379.7,-14.70001,4.226,4.213,44,41,44.66,134.24
871,2.01907E+13,98.8,379.7,-14.70001,4.226,4.214,44,41,44.67,134.28
872,2.01907E+13,98.8,379.6,-14.70001,4.226,4.214,44,41,44.69,134.34
873,2.01907E+13,98.8,379.7,-14.70001,4.227,4.214,44,41,44.7,134.39
874,2.01907E+13,98.8,379.7,-14.70001,4.226,4.214,44,41,44.7,134.39
875,2.01907E+13,98.8,379.7,-14.70001,4.227,4.215,44,41,44.7,134.39
876,2.01907E+13,98.8,379.7,-14.70001,4.228,4.216,44,41,44.7,134.39
877,2.01907E+13,98.8,379.7,-14.70001,4.228,4.215,44,41,44.7,134.39
878,2.01907E+13,98.8,379.7,-14.70001,4.228,4.216,44,41,44.73,134.47
879,2.01907E+13,98.8,379.9,-14.70001,4.228,4.216,44,41,44.73,134.47
880,2.01907E+13,98.8,379.9,-14.70001,4.228,4.216,44,41,44.73,134.47
881,2.01907E+13,98.8,379.9,-14.70001,4.229,4.216,44,41,44.73,134.47
882,2.01907E+13,98.8,379.9,-14.70001,4.229,4.216,44,41,44.76,134.56
883,2.01907E+13,98.8,379.9,-14.70001,4.23,4.217,44,41,44.76,134.56
884,2.01907E+13,98.8,379.9,-14.70001,4.23,4.217,44,41,44.76,134.56
885,2.01907E+13,98.8,379.9,-14.70001,4.229,4.218,44,41,44.79,134.65
886,2.01907E+13,98.8,379.9,-14.70001,4.23,4.217,44,41,44.79,134.65
887,2.01907E+13,98.8,380,-14.70001,4.23,4.218,44,41,44.79,134.65
888,2.01907E+13,98.8,380,-14.70001,4.231,4.218,44,41,44.81,134.71
889,2.01907E+13,98.8,380,-14.70001,4.231,4.218,44,41,44.82,134.72
890,2.01907E+13,98.8,380.2,-14.70001,4.231,4.218,44,41,44.82,134.72
891,2.01907E+13,98.8,380.2,-14.70001,4.231,4.219,44,41,44.82,134.72
892,2.01907E+13,98.8,380.2,-14.70001,4.232,4.219,44,41,44.82,134.72
893,2.01907E+13,99.2,380.2,-14.70001,4.232,4.219,44,41,44.85,134.81
894,2.01907E+13,99.2,380.2,-14.70001,4.232,4.219,44,41,44.85,134.81
895,2.01907E+13,99.2,380.2,-14.70001,4.232,4.22,44,41,44.85,134.81
896,2.01907E+13,99.2,380.2,-14.70001,4.232,4.221,44,41,44.85,134.81
897,2.01907E+13,99.2,380.2,-14.70001,4.233,4.221,44,41,44.87,134.89
898,2.01907E+13,99.2,380.4,-14.70001,4.234,4.221,44,41,44.87,134.89
899,2.01907E+13,99.2,380.4,-14.70001,4.233,4.221,44,41,44.9,134.96
900,2.01907E+13,99.2,380.4,-14.70001,4.234,4.221,44,41,44.9,134.96
901,2.01907E+13,99.2,380.4,-14.70001,4.234,4.221,44,41,44.9,134.96
902,2.01907E+13,99.2,380.4,-14.70001,4.235,4.222,44,41,44.9,134.96
903,2.01907E+13,99.2,380.5,-14.70001,4.234,4.223,44,41,44.92,135.04
904,2.01907E+13,99.2,380.5,-14.70001,4.235,4.223,44,41,44.92,135.04
905,2.01907E+13,99.2,380.5,-14.70001,4.235,4.223,44,41,44.92,135.04
906,2.01907E+13,99.2,380.5,-14.70001,4.235,4.223,44,41,44.92,135.04
907,2.01907E+13,99.2,380.5,-14.70001,4.236,4.224,44,41,44.95,135.13
908,2.01907E+13,99.2,380.5,-14.70001,4.237,4.224,44,41,44.95,135.13
909,2.01907E+13,99.2,380.7,-14.70001,4.236,4.224,44,41,44.95,135.13
910,2.01907E+13,99.2,380.7,-14.70001,4.237,4.224,44,41,44.95,135.13
911,2.01907E+13,99.2,380.5,-14.70001,4.237,4.224,44,41,44.97,135.21
912,2.01907E+13,99.2,380.7,-14.70001,4.238,4.224,44,41,44.97,135.21
913,2.01907E+13,99.2,380.7,-14.70001,4.238,4.225,44,41,44.97,135.21
914,2.01907E+13,99.2,380.7,-14.70001,4.238,4.225,44,41,45,135.29
915,2.01907E+13,99.2,380.7,-14.70001,4.238,4.225,44,41,45,135.29
916,2.01907E+13,99.2,380.7,-14.70001,4.238,4.225,44,41,45,135.29
917,2.01907E+13,99.6,380.8,-14.70001,4.239,4.226,44,41,45.02,135.34
918,2.01907E+13,99.6,380.8,-14.70001,4.239,4.227,44,41,45.02,135.34
919,2.01907E+13,99.6,380.8,-14.70001,4.239,4.226,44,41,45.02,135.34
920,2.01907E+13,99.6,380.8,-14.70001,4.239,4.227,44,41,45.02,135.34
921,2.01907E+13,99.6,380.8,-14.70001,4.24,4.227,44,41,45.02,135.34
922,2.01907E+13,99.6,381,-14.70001,4.24,4.227,44,41,45.02,135.34
923,2.01907E+13,99.6,381,-14.70001,4.241,4.228,44,41,45.02,135.34
924,2.01907E+13,30,329.4,-70.30002,3.68,3.656,39,36,13.64,41.01
925,2.01907E+13,30.4,329.7,-70.30002,3.682,3.659,39,36,13.69,41.15
926,2.01907E+13,30.4,329.9,-70.30002,3.685,3.661,39,36,13.74,41.32
927,2.01907E+13,30.4,330,-70.30002,3.686,3.662,39,36,13.8,41.5
928,2.01907E+13,30.4,330.2,-70.30002,3.687,3.664,39,36,13.85,41.65
929,2.01907E+13,30.8,330.3,-70.30002,3.688,3.665,39,36,13.91,41.81
930,2.01907E+13,30.8,330.3,-70.30002,3.689,3.666,39,36,13.95,41.96
931,2.01907E+13,30.8,330.3,-70.30002,3.69,3.666,40,36,14.01,42.13
932,2.01907E+13,31.2,330.5,-70.30002,3.691,3.667,40,36,14.06,42.28
933,2.01907E+13,31.2,330.5,-70.30002,3.692,3.668,40,36,14.12,42.44
934,2.01907E+13,31.2,330.5,-70.20001,3.692,3.668,40,36,14.17,42.6
935,2.01907E+13,31.6,330.7,-70.30002,3.693,3.669,40,36,14.22,42.76
936,2.01907E+13,31.6,330.7,-70.30002,3.693,3.67,40,36,14.27,42.91
937,2.01907E+13,31.6,330.7,-70.30002,3.694,3.67,40,36,14.32,43.06
938,2.01907E+13,31.6,330.8,-70.20001,3.695,3.67,40,36,14.37,43.21
939,2.01907E+13,32,330.8,-70.30002,3.695,3.672,40,36,14.43,43.39
940,2.01907E+13,32,330.8,-70.30002,3.695,3.672,40,36,14.49,43.54
941,2.01907E+13,32,331,-70.20001,3.696,3.672,40,36,14.54,43.71
942,2.01907E+13,32.4,331,-70.30002,3.696,3.672,40,36,14.59,43.87
943,2.01907E+13,32.4,331,-70.30002,3.696,3.673,40,36,14.64,44.03
944,2.01907E+13,32.4,331.1,-70.30002,3.697,3.674,40,36,14.7,44.19
945,2.01907E+13,32.4,331.1,-70.30002,3.698,3.674,40,36,14.74,44.34
946,2.01907E+13,32.8,331.1,-70.30002,3.698,3.675,40,36,14.8,44.51
947,2.01907E+13,32.8,331.1,-70.30002,3.699,3.675,40,36,14.85,44.66
948,2.01907E+13,32.8,331.3,-70.30002,3.7,3.675,40,36,14.91,44.82
949,2.01907E+13,33.2,331.3,-70.30002,3.7,3.675,40,36,14.96,44.97
950,2.01907E+13,33.2,331.3,-70.30002,3.7,3.676,40,36,15.01,45.14
951,2.01907E+13,33.2,331.3,-70.30002,3.701,3.677,40,36,15.06,45.29
952,2.01907E+13,33.2,331.4,-70.30002,3.701,3.676,40,36,15.12,45.46
953,2.01907E+13,33.6,331.4,-70.30002,3.701,3.678,40,36,15.17,45.61
954,2.01907E+13,33.6,331.4,-70.30002,3.701,3.678,40,36,15.23,45.77
955,2.01907E+13,33.6,331.4,-70.30002,3.702,3.678,40,36,15.28,45.92
956,2.01907E+13,34,331.4,-70.20001,3.702,3.679,40,36,15.33,46.09
957,2.01907E+13,34,331.6,-70.30002,3.703,3.679,40,36,15.38,46.23
958,2.01907E+13,34,331.6,-70.30002,3.704,3.68,40,36,15.43,46.4
959,2.01907E+13,34.4,331.6,-70.30002,3.704,3.68,40,36,15.48,46.55
960,2.01907E+13,34.4,331.7,-70.30002,3.704,3.68,40,36,15.53,46.71
961,2.01907E+13,34.4,331.7,-70.20001,3.705,3.681,40,36,15.58,46.86
962,2.01907E+13,34.4,331.7,-70.20001,3.705,3.681,40,36,15.64,47.03
963,2.01907E+13,34.8,331.7,-70.20001,3.706,3.681,40,36,15.7,47.2
964,2.01907E+13,34.8,331.9,-70.30002,3.706,3.682,40,36,15.75,47.35
965,2.01907E+13,34.8,331.7,-70.30002,3.706,3.682,40,36,15.8,47.51
966,2.01907E+13,35.2,331.9,-70.30002,3.708,3.683,40,36,15.85,47.66
967,2.01907E+13,35.2,331.9,-70.30002,3.708,3.684,40,36,15.9,47.81
968,2.01907E+13,35.2,332.1,-70.20001,3.707,3.684,40,36,15.96,47.98
969,2.01907E+13,35.2,332.1,-70.20001,3.708,3.684,40,36,16.02,48.14
970,2.01907E+13,35.6,332.1,-70.30002,3.708,3.684,40,36,16.07,48.3
971,2.01907E+13,35.6,332.1,-70.30002,3.709,3.685,40,36,16.12,48.46
972,2.01907E+13,35.6,332.1,-70.30002,3.71,3.686,40,36,16.17,48.61
973,2.01907E+13,36,332.2,-70.30002,3.71,3.686,40,36,16.22,48.78
974,2.01907E+13,36,332.2,-70.30002,3.71,3.687,40,37,16.27,48.93
975,2.01907E+13,36,332.2,-70.20001,3.711,3.687,40,37,16.33,49.09
976,2.01907E+13,36,332.4,-70.30002,3.712,3.687,40,37,16.38,49.24
977,2.01907E+13,36.4,332.4,-70.30002,3.711,3.688,40,37,16.43,49.41
978,2.01907E+13,36.4,332.4,-70.30002,3.713,3.688,40,37,16.48,49.56
979,2.01907E+13,36.4,332.4,-70.30002,3.713,3.689,40,37,16.54,49.73
980,2.01907E+13,36.8,332.4,-70.30002,3.713,3.689,40,37,16.59,49.88
981,2.01907E+13,36.8,332.4,-70.30002,3.714,3.69,40,37,16.64,50.04
982,2.01907E+13,36.8,332.7,-70.30002,3.715,3.69,40,37,16.69,50.19
983,2.01907E+13,37.2,332.5,-70.30002,3.715,3.69,40,37,16.76,50.37
984,2.01907E+13,37.2,332.7,-70.30002,3.715,3.691,40,37,16.81,50.52
985,2.01907E+13,37.2,332.7,-70.30002,3.715,3.691,40,37,16.86,50.67
986,2.01907E+13,37.2,332.7,-70.30002,3.717,3.691,40,37,16.91,50.84
987,2.01907E+13,37.6,332.7,-70.30002,3.716,3.692,40,37,16.96,50.99
988,2.01907E+13,37.6,332.8,-70.30002,3.717,3.693,40,37,17.02,51.16
989,2.01907E+13,37.6,332.8,-70.30002,3.717,3.693,40,37,17.07,51.31
990,2.01907E+13,38,332.8,-70.30002,3.718,3.693,40,37,17.12,51.47
991,2.01907E+13,38,333,-70.30002,3.719,3.694,40,37,17.17,51.62
992,2.01907E+13,38,333,-70.30002,3.719,3.694,40,37,17.22,51.79
993,2.01907E+13,38,333,-70.30002,3.719,3.695,40,37,17.27,51.94
994,2.01907E+13,38.4,333,-70.30002,3.72,3.696,40,37,17.33,52.1
995,2.01907E+13,38.4,333,-70.30002,3.721,3.695,40,37,17.39,52.28
996,2.01907E+13,38.4,333.2,-70.30002,3.721,3.696,40,37,17.43,52.42
997,2.01907E+13,38.8,333.2,-70.30002,3.721,3.697,40,37,17.49,52.59
998,2.01907E+13,38.8,333.2,-70.20001,3.721,3.698,40,37,17.54,52.74
